Day_of_week,Age_band_of_driver,Sex_of_driver,Educational_level,Driving_experience,Type_of_vehicle,Owner_of_vehicle,Service_year_of_vehicle,Area_accident_occured,Lanes_or_Medians,Road_allignment,Types_of_Junction,Road_surface_type,Road_surface_conditions,Light_conditions,Weather_conditions,Type_of_collision,Number_of_vehicles_involved,Number_of_casualties,Vehicle_movement,Casualty_class,Sex_of_casualty,Age_band_of_casualty,Casualty_severity,Pedestrian_movement,Cause_of_accident,Accident_severity,Hour,Minute
Friday,31-50,Unknown,Elementary school,1-2yr,,Owner,2-5yrs,Other,Two-way (divided with broken lines road marking),Tangent road with flat terrain,No junction,Asphalt roads,Dry,Daylight,Normal,Collision with roadside objects,1,1,Going straight,Pedestrian,Female,18-30,3,Not a Pedestrian,No distancing,Serious Injury,8,0
Thursday,18-30,Male,Junior high school,,Automobile,Governmental,,Residential areas,Two-way (divided with broken lines road marking),Tangent road with flat terrain,No junction,Asphalt roads,Dry,Daylight,Raining,Vehicle with vehicle collision,1,1,Going straight,Driver or rider,Male,18-30,2,Not a Pedestrian,Changing lane to the right,Slight Injury,8,20
Friday,18-30,Male,Elementary school,1-2yr,Motorcycle,Owner,2-5yrs,Office areas,Two-way (divided with broken lines road marking),Tangent road with flat terrain,Crossing,Asphalt roads,Dry,Darkness - lights lit,Normal,Vehicle with vehicle collision,2,1,Turnover,Driver or rider,Male,18-30,3,Not a Pedestrian,Overtaking,Slight Injury,23,10
Friday,31-50,Male,Junior high school,1-2yr,Automobile,Owner,2-5yrs, Church areas,One way,Tangent road with flat terrain,Crossing,Asphalt roads,Dry,Darkness - lights lit,Normal,Vehicle with vehicle collision,2,1,Going straight,Passenger,Female,18-30,3,Not a Pedestrian,No distancing,Slight Injury,23,10
Sunday,18-30,Male,Above high school,1-2yr,Automobile,Owner,1-2yr,,Undivided Two way,Tangent road with flat terrain,Crossing,Asphalt roads,Dry,Darkness - lights lit,Normal,Collision with roadside objects,2,5,Going straight,Driver or rider,Female,31-50,3,Not a Pedestrian,Overtaking,Slight Injury,22,30
Sunday,18-30,Male,Junior high school,5-10yr,Public (12 seats),Owner,Above 10yr,  Market areas,other,Steep grade downward with mountainous terrain,Crossing,Asphalt roads,Dry,Darkness - lights lit,Normal,Vehicle with vehicle collision,2,5,Going straight,Passenger,Female,Under 18,3,Not a Pedestrian,Moving Backward,Slight Injury,22,30
Sunday,18-30,Male,Junior high school,5-10yr,Long lorry,Owner,Above 10yr,Other,Two-way (divided with broken lines road marking),Tangent road with mountainous terrain and,Crossing,Asphalt roads,Dry,Darkness - lights lit,Normal,Vehicle with vehicle collision,2,5,Reversing,na,na,na,na,Not a Pedestrian,No distancing,Slight Injury,22,30
Sunday,Over 51,Male,Elementary school,5-10yr,,Owner,,Other,Undivided Two way,Tangent road with mountainous terrain and,Crossing,Asphalt roads,Dry,Darkness - lights lit,Normal,Vehicle with vehicle collision,2,5,Getting off,na,na,na,na,Not a Pedestrian,No distancing,Slight Injury,22,30
Sunday,Over 51,Male,High school,Below 1yr,Automobile,Owner,, Church areas,Undivided Two way,Tangent road with flat terrain,Crossing,Asphalt roads,Dry,Darkness - lights lit,Normal,Rollover,2,5,Going straight,Driver or rider,Male,Under 18,3,Not a Pedestrian,No priority to vehicle,Slight Injury,22,30
Tuesday,31-50,Male,Junior high school,Above 10yr,Public (> 45 seats),Governmental,1-2yr,Residential areas,Undivided Two way,Tangent road with flat terrain,No junction,Asphalt roads,Dry,Daylight,Normal,Vehicle with vehicle collision,3,1,Getting off,na,na,na,na,Not a Pedestrian,No priority to vehicle,Slight Injury,17,45
Tuesday,Unknown,Female,Junior high school,5-10yr,Pick up upto 10Q,Owner,Unknown,Other,Undivided Two way,Tangent road with flat terrain,No junction,Asphalt roads,Dry,Daylight,Normal,Vehicle with vehicle collision,3,1,Going straight,Driver or rider,Male,18-30,3,Not a Pedestrian,Changing lane to the left,Slight Injury,17,45
Tuesday,Unknown,Female,Junior high school,Below 1yr,Lorry (41?100Q),Owner,Unknown,Other,Two-way (divided with broken lines road marking),Tangent road with flat terrain,No junction,Asphalt roads,Dry,Daylight,Normal,Collision with pedestrians,3,1,Going straight,na,na,na,na,Not a Pedestrian,No distancing,Slight Injury,17,45
Sunday,31-50,Male,Junior high school,Above 10yr,Automobile,Owner,Unknown,Other,Double carriageway (median),Tangent road with flat terrain,Y Shape,Asphalt roads,Dry,Daylight,Normal,Vehicle with vehicle collision,2,1,Going straight,Driver or rider,Male,18-30,2,Not a Pedestrian,Driving under the influence of drugs,Slight Injury,14,30
Sunday,Under 18,Male,Junior high school,5-10yr,Public (13?45 seats),Owner,,  Recreational areas,Two-way (divided with broken lines road marking),Tangent road with flat terrain,Y Shape,Asphalt roads,Dry,Daylight,Normal,Vehicle with vehicle collision,2,1,Going straight,Driver or rider,Male,Over 51,2,Not a Pedestrian,Changing lane to the left,Slight Injury,14,30
Friday,18-30,Male,Junior high school,Above 10yr,Automobile,Owner,Unknown,  Recreational areas,One way,Tangent road with flat terrain,No junction,Asphalt roads,Wet or damp,Darkness - lights lit,Normal,Vehicle with vehicle collision,2,1,Going straight,na,na,na,na,Not a Pedestrian,Changing lane to the right,Serious Injury,6,10
Friday,18-30,Male,Junior high school,5-10yr,Public (> 45 seats),Owner,,Other,Two-way (divided with broken lines road marking),Tangent road with flat terrain,No junction,Asphalt roads,Wet or damp,Darkness - lights lit,Normal,Vehicle with vehicle collision,2,1,Going straight,Driver or rider,Female,31-50,3,Not a Pedestrian,Driving to the left,Serious Injury,6,10
Wednesday,31-50,Male,Junior high school,1-2yr,Public (12 seats),Organization,1-2yr,Office areas,Two-way (divided with broken lines road marking),Tangent road with flat terrain,Crossing,Earth roads,Wet or damp,Darkness - lights lit,Raining,Collision with roadside objects,2,1,Going straight,Passenger,Female,18-30,3,Not a Pedestrian,Driving at high speed,Slight Injury,22,10
Wednesday,31-50,Male,Junior high school,1-2yr,Automobile,Owner,2-5yrs,Residential areas,Two-way (divided with broken lines road marking),Tangent road with flat terrain,Crossing,Asphalt roads,Wet or damp,Darkness - lights lit,Raining,Vehicle with vehicle collision,2,1,Going straight,Driver or rider,Male,18-30,3,Not a Pedestrian,Overtaking,Slight Injury,22,10
Tuesday,Over 51,Male,Junior high school,1-2yr,Lorry (41?100Q),Owner,2-5yrs,Other,Two-way (divided with broken lines road marking),Tangent road with flat terrain,No junction,Asphalt roads,Dry,Darkness - lights lit,Normal,Vehicle with vehicle collision,2,1,Going straight,na,na,na,na,Not a Pedestrian,Changing lane to the right,Slight Injury,19,0
Tuesday,31-50,Male,High school,2-5yr,Automobile,,1-2yr,Residential areas,Undivided Two way,Steep grade downward with mountainous terrain,No junction,Asphalt roads,Dry,Darkness - lights lit,Normal,Vehicle with vehicle collision,2,1,Moving Backward,Driver or rider,Female,31-50,3,Not a Pedestrian,Changing lane to the right,Slight Injury,19,0
Wednesday,18-30,Unknown,High school,Above 10yr,Pick up upto 10Q,Owner,, Church areas,Double carriageway (median),Tangent road with flat terrain,No junction,Asphalt roads,Wet or damp,Darkness - lights lit,Normal,Vehicle with vehicle collision,1,1,Going straight,Driver or rider,Female,18-30,3,Not a Pedestrian,Moving Backward,Slight Injury,18,25
Sunday,31-50,Male,Elementary school,2-5yr,Public (12 seats),Owner,2-5yrs,Other,One way,Tangent road with flat terrain,Y Shape,Asphalt roads,Dry,Daylight,Normal,Collision with roadside objects,2,1,Going straight,Passenger,Male,18-30,3,Not a Pedestrian,Moving Backward,Slight Injury,17,15
Sunday,31-50,Male,Junior high school,Above 10yr,Automobile,Owner,5-10yrs,Office areas,Two-way (divided with broken lines road marking),Tangent road with mountainous terrain and,Y Shape,Asphalt roads,Dry,Daylight,Normal,Vehicle with vehicle collision,2,1,Going straight,Driver or rider,Female,18-30,3,Not a Pedestrian,Changing lane to the left,Slight Injury,17,15
Thursday,31-50,Male,High school,2-5yr,Automobile,Owner,2-5yrs,Other,Undivided Two way,Tangent road with flat terrain,Y Shape,Asphalt roads,Wet or damp,Darkness - lights lit,Normal,Collision with roadside objects,2,3,Going straight,Driver or rider,Male,18-30,3,Not a Pedestrian,Moving Backward,Slight Injury,17,10
Thursday,31-50,Male,Junior high school,No Licence,Automobile,Owner,Unknown,  Recreational areas,Two-way (divided with broken lines road marking),Steep grade downward with mountainous terrain,Y Shape,Asphalt roads,Wet or damp,Darkness - lights lit,Normal,Vehicle with vehicle collision,2,3,Going straight,Passenger,Male,18-30,3,Not a Pedestrian,No distancing,Slight Injury,17,10
Thursday,Over 51,Male,Junior high school,1-2yr,Stationwagen,Owner,,Other,Undivided Two way,Tangent road with flat terrain,Y Shape,Asphalt roads,Wet or damp,Darkness - lights lit,Normal,Rollover,2,3,Going straight,Passenger,Female,Under 18,3,Not a Pedestrian,Moving Backward,Slight Injury,17,10
Friday,18-30,Male,Junior high school,5-10yr,Other,Owner,1-2yr,Office areas,Two-way (divided with broken lines road marking),Tangent road with flat terrain,Crossing,Asphalt roads with some distress,Dry,Darkness - lights lit,Normal,Vehicle with vehicle collision,2,1,Going straight,na,na,na,na,Not a Pedestrian,Changing lane to the right,Slight Injury,17,50
Friday,Under 18,Male,Junior high school,1-2yr,Other,Governmental,,Residential areas,Undivided Two way,Tangent road with flat terrain,Crossing,Asphalt roads,Dry,Darkness - lights lit,Normal,Vehicle with vehicle collision,2,1,Going straight,Driver or rider,Female,31-50,2,Not a Pedestrian,Changing lane to the left,Slight Injury,17,50
Monday,Unknown,Female,Junior high school,Above 10yr,Other,Owner,Unknown,Office areas,One way,Tangent road with flat terrain,Y Shape,Asphalt roads,Wet or damp,Daylight,Raining and Windy,Vehicle with vehicle collision,1,1,Going straight,na,na,na,na,Not a Pedestrian,No priority to vehicle,Slight Injury,8,25
Tuesday,18-30,Male,Junior high school,1-2yr,Public (13?45 seats),Owner,,Office areas,Two-way (divided with broken lines road marking),Tangent road with flat terrain,Y Shape,Asphalt roads,Dry,Daylight,Normal,Vehicle with vehicle collision,2,1,Going straight,Driver or rider,Male,31-50,3,Not a Pedestrian,No distancing,Slight Injury,13,0
Tuesday,Under 18,Male,Junior high school,1-2yr,Lorry (41?100Q),Owner,Unknown, Church areas,Double carriageway (median),Tangent road with flat terrain,Y Shape,Asphalt roads,Dry,Daylight,Normal,Vehicle with vehicle collision,2,1,Going straight,Passenger,Female,31-50,3,Not a Pedestrian,No priority to vehicle,Slight Injury,13,0
Friday,Unknown,Female,Junior high school,2-5yr,Public (12 seats),Owner,, Church areas,Undivided Two way,Tangent road with flat terrain,Crossing,Asphalt roads,Wet or damp,Darkness - lights lit,Raining,Collision with pedestrians,3,1,Going straight,Driver or rider,Male,18-30,3,Not a Pedestrian,Driving under the influence of drugs,Slight Injury,23,45
Friday,18-30,Male,High school,1-2yr,Automobile,Owner,,Residential areas,Undivided Two way,Tangent road with flat terrain,Crossing,Asphalt roads,Wet or damp,Darkness - lights lit,Raining,Rollover,3,1,Going straight,na,na,na,na,Not a Pedestrian,Changing lane to the right,Slight Injury,23,45
Friday,18-30,Female,Junior high school,1-2yr,Automobile,Owner,,Other,Undivided Two way,Tangent road with flat terrain,Crossing,Asphalt roads,Wet or damp,Darkness - lights lit,Raining,Vehicle with vehicle collision,3,1,Going straight,Driver or rider,Male,18-30,2,Not a Pedestrian,No distancing,Slight Injury,23,45
Tuesday,31-50,Male,Elementary school,Above 10yr,Stationwagen,Owner,Unknown,Other,other,Tangent road with flat terrain,Crossing,Asphalt roads,Dry,Darkness - lights lit,Normal,Rollover,2,1,Going straight,Pedestrian,Female,Under 18,3,Crossing from driver's nearside,No distancing,Slight Injury,20,50
Tuesday,18-30,Unknown,Junior high school,Above 10yr,Lorry (41?100Q),Owner,,,Undivided Two way,Tangent road with flat terrain,Crossing,Asphalt roads,Dry,Darkness - lights lit,Normal,Unknown,2,1,Going straight,Driver or rider,Male,Under 18,2,Not a Pedestrian,Changing lane to the left,Slight Injury,20,50
Friday,31-50,Male,Elementary school,Above 10yr,Lorry (41?100Q),Owner,2-5yrs,Residential areas,Undivided Two way,Tangent road with flat terrain,Y Shape,Asphalt roads,Dry,Daylight,Normal,Vehicle with vehicle collision,1,1,Going straight,na,na,na,na,Not a Pedestrian,Changing lane to the right,Slight Injury,10,55
Monday,18-30,Male,Junior high school,Above 10yr,Lorry (41?100Q),Owner,Unknown,Office areas,Undivided Two way,Tangent road with flat terrain,No junction,Asphalt roads,Wet or damp,Darkness - lights lit,Normal,Vehicle with vehicle collision,2,2,Reversing,Pedestrian,Female,Over 51,2,Unknown or other,Changing lane to the right,Slight Injury,16,50
Monday,Over 51,Male,Junior high school,1-2yr,Public (> 45 seats),Owner,Unknown,Residential areas,Undivided Two way,Tangent road with flat terrain,No junction,Asphalt roads,Wet or damp,Darkness - lights lit,Normal,Fall from vehicles,2,2,Going straight,Pedestrian,Female,31-50,2,"Walking along in carriageway, facing traffic",Driving under the influence of drugs,Slight Injury,16,50
Monday,Over 51,Male,Junior high school,5-10yr,Public (12 seats),Owner,Unknown,Other,Two-way (divided with broken lines road marking),Tangent road with flat terrain,No junction,Asphalt roads,Wet or damp,Darkness - lights lit,Normal,Vehicle with vehicle collision,2,2,Going straight,na,na,na,na,Not a Pedestrian,Moving Backward,Slight Injury,16,50
Sunday,Over 51,Male,High school,2-5yr,Other,Owner,,Other,Two-way (divided with broken lines road marking),Tangent road with flat terrain,No junction,Asphalt roads,Wet or damp,Darkness - lights lit,Normal,Collision with roadside objects,2,5,Going straight,Driver or rider,Male,31-50,3,Not a Pedestrian,Changing lane to the left,Slight Injury,18,30
Sunday,Over 51,Male,Junior high school,2-5yr,Public (12 seats),Owner,,  Recreational areas,Two-way (divided with broken lines road marking),Tangent road with flat terrain,No junction,Asphalt roads,Wet or damp,Darkness - lights lit,Normal,Vehicle with vehicle collision,2,5,Unknown,Driver or rider,Male,18-30,3,Not a Pedestrian,No priority to pedestrian,Slight Injury,18,30
Sunday,31-50,Male,Junior high school,5-10yr,Other,Owner,5-10yrs, Church areas,One way,Tangent road with flat terrain,No junction,Asphalt roads,Wet or damp,Darkness - lights lit,Normal,Vehicle with vehicle collision,2,5,Going straight,Driver or rider,Male,Over 51,3,Not a Pedestrian,No distancing,Slight Injury,18,30
Sunday,31-50,Male,Junior high school,5-10yr,Public (12 seats),Owner,,School areas,Two-way (divided with broken lines road marking),Tangent road with flat terrain,No junction,Asphalt roads,Wet or damp,Darkness - lights lit,Normal,Vehicle with vehicle collision,2,5,Going straight,na,na,na,na,Not a Pedestrian,No distancing,Slight Injury,18,30
Sunday,31-50,Male,Junior high school,2-5yr,Stationwagen,Owner,2-5yrs,Office areas,Undivided Two way,Tangent road with flat terrain,No junction,Asphalt roads,Wet or damp,Darkness - lights lit,Normal,Collision with pedestrians,2,5,Going straight,Driver or rider,Male,18-30,3,Not a Pedestrian,Changing lane to the left,Slight Injury,18,30
Thursday,Unknown,Female,High school,Above 10yr,Automobile,Owner,1-2yr,Other,,Tangent road with flat terrain,No junction,,Wet or damp,Darkness - lights lit,Raining,Vehicle with vehicle collision,2,1,Going straight,na,na,na,na,Not a Pedestrian,Changing lane to the right,Slight Injury,15,50
Thursday,31-50,Male,Elementary school,5-10yr,Lorry (41?100Q),Owner,5-10yrs,Residential areas,Undivided Two way,Tangent road with flat terrain,No junction,Asphalt roads,Wet or damp,Darkness - lights lit,Raining,Vehicle with vehicle collision,2,1,Going straight,Driver or rider,Male,18-30,2,Not a Pedestrian,Driving carelessly,Slight Injury,15,50
Friday,Under 18,Male,Junior high school,Above 10yr,Special vehicle,Owner,Above 10yr,Other,Undivided Two way,Tangent road with flat terrain,Crossing,Asphalt roads,Wet or damp,Darkness - lights lit,Normal,Unknown,2,1,Going straight,na,na,na,na,Not a Pedestrian,No distancing,Slight Injury,15,40
Friday,Over 51,Male,Writing & reading,2-5yr,Lorry (41?100Q),Owner,1-2yr,Other,other,Steep grade downward with mountainous terrain,Crossing,Asphalt roads,Wet or damp,Darkness - lights lit,Normal,Rollover,2,1,Unknown,na,na,na,na,Not a Pedestrian,Changing lane to the left,Slight Injury,15,40
Thursday,18-30,Male,Junior high school,2-5yr,Lorry (41?100Q),Owner,2-5yrs,Office areas,One way,Steep grade downward with mountainous terrain,O Shape,Asphalt roads,Wet or damp,Daylight,Normal,Collision with roadside objects,2,1,Moving Backward,Driver or rider,Male,18-30,3,Not a Pedestrian,Moving Backward,Serious Injury,7,50
Thursday,31-50,Male,High school,2-5yr,Public (> 45 seats),Owner,,Residential areas,Two-way (divided with broken lines road marking),Tangent road with flat terrain,O Shape,Asphalt roads,Wet or damp,Daylight,Normal,Vehicle with vehicle collision,2,1,Going straight,Pedestrian,Male,31-50,2,Crossing from nearside - masked by parked or statioNot a Pedestrianry vehicle,No distancing,Serious Injury,7,50
Monday,31-50,Male,Junior high school,1-2yr,Automobile,Owner,,Other,Two-way (divided with broken lines road marking),Tangent road with flat terrain,Y Shape,Asphalt roads,Dry,Daylight,Normal,Vehicle with vehicle collision,1,1,Turnover,Pedestrian,Female,18-30,2,Crossing from driver's nearside,No priority to pedestrian,Serious Injury,17,5
Monday,31-50,Male,High school,5-10yr,Automobile,Organization,2-5yrs,Residential areas,Undivided Two way,Tangent road with flat terrain,No junction,Asphalt roads,Wet or damp,Daylight,Cloudy,Collision with roadside objects,1,1,Turnover,Pedestrian,Male,Under 18,3,Crossing from driver's nearside,Changing lane to the left,Slight Injury,15,25
Monday,Over 51,Male,Elementary school,2-5yr,Automobile,Owner,, Church areas,Two-way (divided with broken lines road marking),Tangent road with flat terrain,Unknown,Asphalt roads,Dry,Daylight,Normal,Vehicle with vehicle collision,2,2,Reversing,na,na,na,na,Not a Pedestrian,No distancing,Slight Injury,9,45
Monday,Over 51,Male,Junior high school,1-2yr,Public (> 45 seats),Governmental,,Residential areas,Two-way (divided with broken lines road marking),Tangent road with flat terrain,Unknown,Asphalt roads,Dry,Daylight,Normal,Vehicle with vehicle collision,2,2,Reversing,Driver or rider,Male,31-50,3,Not a Pedestrian,Driving carelessly,Slight Injury,9,45
Monday,Unknown,Female,Elementary school,1-2yr,Lorry (11?40Q),Owner,,Office areas,One way,Tangent road with flat terrain,Unknown,Asphalt roads,Dry,Daylight,Normal,Vehicle with vehicle collision,2,2,Reversing,Driver or rider,Male,31-50,3,Not a Pedestrian,No priority to vehicle,Slight Injury,9,45
Friday,18-30,Male,High school,No Licence,Pick up upto 10Q,Governmental,Below 1yr,Residential areas,Two-way (divided with broken lines road marking),Tangent road with flat terrain,No junction,Asphalt roads,Wet or damp,Daylight,Raining,Rollover,1,1,Moving Backward,na,na,na,na,Not a Pedestrian,Changing lane to the right,Slight Injury,10,20
Thursday,Over 51,Male,Junior high school,5-10yr,Lorry (11?40Q),Owner,Unknown,Other,One way,Tangent road with flat terrain,Y Shape,Asphalt roads,Wet or damp,Daylight,Other,Rollover,1,1,Going straight,na,na,na,na,Not a Pedestrian,Moving Backward,Slight Injury,8,55
Thursday,18-30,Male,Junior high school,1-2yr,Pick up upto 10Q,Owner,Unknown, Industrial areas,Two-way (divided with broken lines road marking),Tangent road with flat terrain,No junction,Asphalt roads,Wet or damp,Daylight,Raining,Collision with pedestrians,2,1,Going straight,Driver or rider,Male,18-30,3,Not a Pedestrian,No priority to vehicle,Serious Injury,13,0
Thursday,Under 18,Male,Junior high school,2-5yr,Special vehicle,Owner,Unknown, Church areas,Two-way (divided with broken lines road marking),Tangent road with flat terrain,No junction,Asphalt roads,Wet or damp,Daylight,Raining,Unknown,2,1,Going straight,Driver or rider,Male,31-50,3,Not a Pedestrian,No priority to pedestrian,Serious Injury,13,0
Wednesday,18-30,Male,Junior high school,5-10yr,Lorry (11?40Q),Owner,2-5yrs,Residential areas,Undivided Two way,Steep grade downward with mountainous terrain,Y Shape,Asphalt roads,Wet or damp,Darkness - lights lit,Normal,Vehicle with vehicle collision,2,1,Going straight,Passenger,Female,31-50,3,Not a Pedestrian,Changing lane to the left,Slight Injury,17,10
Wednesday,31-50,Male,,,,,,,Two-way (divided with broken lines road marking),Tangent road with flat terrain,Y Shape,Asphalt roads,Wet or damp,Darkness - lights lit,Normal,Vehicle with vehicle collision,2,1,Going straight,Driver or rider,Male,18-30,2,Not a Pedestrian,Changing lane to the left,Slight Injury,17,10
Saturday,18-30,Male,,,,,,,Two-way (divided with broken lines road marking),Tangent road with flat terrain,Y Shape,Asphalt roads,Wet or damp,Darkness - lights lit,Raining,Collision with pedestrians,1,1,Going straight,na,na,na,na,Not a Pedestrian,Driving under the influence of drugs,Fatal injury,21,0
Wednesday,Under 18,Male,Junior high school,2-5yr,Lorry (41?100Q),Owner,1-2yr,Office areas,Undivided Two way,Tangent road with flat terrain,Crossing,Asphalt roads,Wet or damp,Darkness - lights lit,Cloudy,Collision with pedestrians,2,1,Going straight,na,na,na,na,Not a Pedestrian,Moving Backward,Slight Injury,16,15
Wednesday,31-50,Male,Junior high school,Above 10yr,Other,Owner,Above 10yr, Outside rural areas,Two-way (divided with broken lines road marking),Tangent road with mountainous terrain and,Crossing,Asphalt roads,Wet or damp,Darkness - lights lit,Cloudy,Vehicle with vehicle collision,2,1,Going straight,Driver or rider,Male,18-30,3,Not a Pedestrian,Changing lane to the right,Slight Injury,16,15
Tuesday,18-30,Male,Junior high school,Above 10yr,Other,Owner,Above 10yr, Church areas,Two-way (divided with broken lines road marking),Steep grade downward with mountainous terrain,Y Shape,Asphalt roads,Dry,Darkness - lights lit,Normal,Vehicle with vehicle collision,2,1,Going straight,na,na,na,na,Not a Pedestrian,Changing lane to the right,Slight Injury,17,20
Tuesday,18-30,Male,,,Automobile,Owner,,Office areas,other,Tangent road with mountainous terrain and,Y Shape,Asphalt roads,Dry,Darkness - lights lit,Normal,Vehicle with vehicle collision,2,1,Turnover,Driver or rider,Female,31-50,3,Not a Pedestrian,No distancing,Slight Injury,17,20
Saturday,31-50,Male,Elementary school,Above 10yr,Other,Owner,Above 10yr, Church areas,Two-way (divided with broken lines road marking),Steep grade downward with mountainous terrain,No junction,Asphalt roads,Wet or damp,Darkness - lights lit,Windy,Collision with roadside objects,1,1,Going straight,Pedestrian,Female,31-50,3,Not a Pedestrian,Moving Backward,Slight Injury,22,0
Monday,18-30,Male,,,Automobile,,,Office areas,other,Tangent road with mountainous terrain and,No junction,Asphalt roads,Wet or damp,Daylight,Raining,Unknown,2,1,Moving Backward,Pedestrian,Female,18-30,3,Not a Pedestrian,No distancing,Slight Injury,7,0
Monday,18-30,Male,Junior high school,5-10yr,Public (13?45 seats),Governmental,,Office areas,Undivided Two way,Tangent road with flat terrain,No junction,Asphalt roads,Wet or damp,Daylight,Raining,Collision with roadside objects,2,1,Going straight,Driver or rider,Male,18-30,2,Not a Pedestrian,Driving carelessly,Slight Injury,7,0
Sunday,31-50,Male,Junior high school,Above 10yr,Lorry (41?100Q),Owner,1-2yr,School areas,Two-way (divided with broken lines road marking),Tangent road with flat terrain,Y Shape,Asphalt roads,Dry,Darkness - lights lit,Normal,Vehicle with vehicle collision,2,1,Going straight,Driver or rider,Male,18-30,3,Not a Pedestrian,No priority to pedestrian,Slight Injury,20,20
Sunday,Unknown,Female,High school,Above 10yr,,Owner,Below 1yr,Residential areas,Two-way (divided with broken lines road marking),Tangent road with flat terrain,Y Shape,Asphalt roads,Dry,Darkness - lights lit,Normal,Vehicle with vehicle collision,2,1,Moving Backward,Driver or rider,Male,Over 51,3,Not a Pedestrian,No priority to vehicle,Slight Injury,20,20
Saturday,Over 51,Unknown,,,Automobile,Owner,,Office areas,other,Tangent road with mountainous terrain and,Crossing,Asphalt roads,Wet or damp,Darkness - lights lit,Other,Collision with roadside objects,1,1,Going straight,Passenger,Male,Over 51,3,Not a Pedestrian,Moving Backward,Slight Injury,20,0
Thursday,18-30,Unknown,Elementary school,5-10yr,,Owner,Unknown,Rural village areasOffice areas,other,Tangent road with flat terrain,No junction,Asphalt roads,Wet or damp,Darkness - lights lit,Windy,Vehicle with vehicle collision,1,1,Going straight,Driver or rider,Male,31-50,3,Not a Pedestrian,Changing lane to the right,Slight Injury,18,40
Wednesday,31-50,Male,Elementary school,Above 10yr,Lorry (41?100Q),Owner,Unknown,Other,Two-way (divided with broken lines road marking),Tangent road with flat terrain,Unknown,Asphalt roads,Wet or damp,Darkness - lights lit,Raining,Vehicle with vehicle collision,1,1,Waiting to go,Driver or rider,Male,31-50,3,Not a Pedestrian,No distancing,Slight Injury,16,35
Tuesday,18-30,Male,Junior high school,Below 1yr,,Owner,Unknown,Residential areas,Undivided Two way,Tangent road with flat terrain,O Shape,Asphalt roads,Wet or damp,Darkness - lights lit,Raining,Collision with roadside objects,2,1,Moving Backward,Passenger,Male,18-30,3,Not a Pedestrian,Driving carelessly,Serious Injury,18,45
Tuesday,18-30,Male,Junior high school,2-5yr,Lorry (41?100Q),Owner,Unknown,Office areas,Undivided Two way,Tangent road with flat terrain,O Shape,Asphalt roads,Wet or damp,Darkness - lights lit,Raining,Collision with roadside objects,2,1,Moving Backward,Pedestrian,Male,Under 18,2,Crossing from nearside - masked by parked or statioNot a Pedestrianry vehicle,Changing lane to the left,Serious Injury,18,45
Monday,18-30,Unknown,Junior high school,2-5yr,Taxi,Owner,Unknown,Office areas,Undivided Two way,Tangent road with flat terrain,No junction,Asphalt roads,Wet or damp,Daylight,Cloudy,Vehicle with vehicle collision,1,1,Going straight,Driver or rider,Male,18-30,3,Not a Pedestrian,Moving Backward,Slight Injury,15,20
Wednesday,Under 18,Unknown,High school,5-10yr,Lorry (41?100Q),Owner,Unknown,Residential areas,Undivided Two way,Tangent road with flat terrain,No junction,Asphalt roads,Wet or damp,Darkness - lights lit,Raining,Unknown,2,2,Unknown,Driver or rider,Male,Over 51,3,Not a Pedestrian,No distancing,Slight Injury,18,35
Wednesday,18-30,Unknown,Junior high school,,Lorry (41?100Q),Owner,Unknown,Office areas,Undivided Two way,Tangent road with flat terrain,No junction,Asphalt roads,Wet or damp,Darkness - lights lit,Raining,Vehicle with vehicle collision,2,2,Going straight,na,na,na,na,Not a Pedestrian,Changing lane to the right,Slight Injury,18,35
Tuesday,31-50,Male,,Below 1yr,Other,Owner,Unknown,Office areas,Undivided Two way,Tangent road with flat terrain,Y Shape,Asphalt roads,Wet or damp,Darkness - lights lit,Normal,Vehicle with vehicle collision,1,2,Going straight,Driver or rider,Male,31-50,3,Not a Pedestrian,No priority to vehicle,Slight Injury,20,40
Tuesday,31-50,Male,Elementary school,Above 10yr,Stationwagen,Owner,Unknown,Office areas,,Tangent road with flat terrain,Y Shape,Asphalt roads,Wet or damp,Darkness - lights lit,Normal,Vehicle with vehicle collision,1,2,Going straight,Passenger,Male,Under 18,3,Not a Pedestrian,Getting off the vehicle improperly,Slight Injury,20,40
Monday,31-50,Unknown,Elementary school,Below 1yr,Stationwagen,Owner,Unknown,Office areas,Two-way (divided with broken lines road marking),Tangent road with flat terrain,Y Shape,Asphalt roads,Dry,Darkness - lights lit,Normal,Vehicle with vehicle collision,2,1,Moving Backward,Passenger,Male,Under 18,3,Not a Pedestrian,No distancing,Slight Injury,17,35