Day_of_week,Age_band_of_driver,Sex_of_driver,Educational_level,Driving_experience,Type_of_vehicle,Owner_of_vehicle,Service_year_of_vehicle,Area_accident_occured,Lanes_or_Medians,Road_allignment,Types_of_Junction,Road_surface_type,Road_surface_conditions,Light_conditions,Weather_conditions,Type_of_collision,Number_of_vehicles_involved,Number_of_casualties,Vehicle_movement,Casualty_class,Sex_of_casualty,Age_band_of_casualty,Casualty_severity,Pedestrian_movement,Cause_of_accident,Accident_severity,Hour,Minute
Friday,Unknown,Male,Junior high school,5-10yr,Automobile,Owner,Unknown,Office areas,Two-way (divided with broken lines road marking),Tangent road with mountainous terrain and,Crossing,Asphalt roads,Dry,Darkness - lights lit,Normal,Vehicle with vehicle collision,2,1,Going straight,Passenger,Female,18-30,3,Not a Pedestrian,Changing lane to the left,Slight Injury,1,5
Sunday,Under 18,Male,Elementary school,2-5yr,Lorry (41?100Q),Governmental,,Office areas,Two-way (divided with broken lines road marking),Escarpments,Crossing,Asphalt roads,Dry,Daylight,Normal,Collision with roadside objects,1,2,Moving Backward,Passenger,Female,31-50,3,Not a Pedestrian,Moving Backward,Slight Injury,12,30
Sunday,Under 18,Male,Junior high school,2-5yr,,Owner,2-5yrs,Other,Undivided Two way,Tangent road with mountainous terrain and,Crossing,Asphalt roads,Dry,Daylight,Normal,Vehicle with vehicle collision,1,2,Going straight,na,na,na,na,Not a Pedestrian,Driving carelessly,Slight Injury,12,30
Sunday,Under 18,Male,Elementary school,2-5yr,Other,Owner,2-5yrs,Other,Undivided Two way,Tangent road with flat terrain,Y Shape,Asphalt roads,Dry,Darkness - lights lit,Normal,Vehicle with vehicle collision,2,1,Going straight,Driver or rider,Female,31-50,3,Not a Pedestrian,Changing lane to the left,Slight Injury,20,50
Sunday,Unknown,Female,Junior high school,2-5yr,Automobile,Owner,Unknown,Residential areas,Two-way (divided with broken lines road marking),Tangent road with flat terrain,Y Shape,Asphalt roads,Dry,Darkness - lights lit,Normal,Vehicle with vehicle collision,2,1,Going straight,Passenger,Female,Under 18,3,Not a Pedestrian,No priority to pedestrian,Slight Injury,20,50
Tuesday,Over 51,Male,Junior high school,Above 10yr,Automobile,Owner,,Other,Two-way (divided with broken lines road marking),Tangent road with flat terrain,Y Shape,Asphalt roads,Dry,Darkness - lights lit,Normal,Vehicle with vehicle collision,2,1,Going straight,Passenger,Female,Under 18,3,Not a Pedestrian,No distancing,Slight Injury,18,0
Tuesday,Unknown,Male,Junior high school,2-5yr,Automobile,Owner,Below 1yr,Other,Undivided Two way,Tangent road with mild grade and flat terrain,Y Shape,Asphalt roads,Dry,Darkness - lights lit,Normal,Vehicle with vehicle collision,2,1,Moving Backward,na,na,na,na,Not a Pedestrian,No distancing,Slight Injury,18,0
Saturday,Unknown,Male,Junior high school,1-2yr,Automobile,Owner,5-10yrs,Other,Two-way (divided with broken lines road marking),Tangent road with flat terrain,Crossing,Asphalt roads,Dry,Darkness - lights lit,Normal,Collision with roadside-parked vehicles,4,1,Going straight,Driver or rider,Male,Over 51,3,Not a Pedestrian,Overturning,Slight Injury,1,55
Saturday,18-30,Male,Junior high school,2-5yr,Lorry (41?100Q),Governmental,5-10yrs,Other,Undivided Two way,Tangent road with flat terrain,Crossing,Asphalt roads,Dry,Darkness - lights lit,Normal,Collision with roadside-parked vehicles,4,1,Other,Passenger,Female,Over 51,3,Not a Pedestrian,No distancing,Slight Injury,1,55
Saturday,18-30,Male,Junior high school,1-2yr,Other,Owner,2-5yrs,Other,Double carriageway (median),Tangent road with mild grade and flat terrain,Crossing,Asphalt roads,Dry,Darkness - lights lit,Normal,Collision with animals,4,1,Other,na,na,na,na,Not a Pedestrian,Drunk driving,Slight Injury,1,55
Saturday,Unknown,Male,Junior high school,5-10yr,Pick up upto 10Q,Owner,,Other,Two-way (divided with broken lines road marking),Tangent road with flat terrain,Crossing,Gravel roads,Dry,Darkness - lights lit,Normal,Collision with animals,4,1,Going straight,Pedestrian,Male,Under 18,3,Unknown or other,Moving Backward,Slight Injury,1,55
Monday,Over 51,Male,Junior high school,5-10yr,Stationwagen,Owner,2-5yrs, Church areas,Two-way (divided with broken lines road marking),Tangent road with flat terrain,No junction,Asphalt roads,Dry,Daylight,Normal,Collision with animals,1,1,Going straight,Pedestrian,Male,Over 51,3,Not a Pedestrian,No priority to pedestrian,Slight Injury,10,5
Monday,31-50,Male,Elementary school,2-5yr,Other,Owner,5-10yrs,Other,Undivided Two way,Tangent road with flat terrain,Y Shape,Asphalt roads,Dry,Darkness - lights lit,Normal,Collision with animals,1,1,Going straight,na,na,na,na,Not a Pedestrian,Changing lane to the left,Slight Injury,21,30
Wednesday,31-50,Male,Elementary school,Below 1yr,Pick up upto 10Q,Organization,2-5yrs, Industrial areas,Two-way (divided with broken lines road marking),Tangent road with flat terrain,No junction,Asphalt roads,Dry,Darkness - lights lit,Normal,Collision with animals,1,2,Going straight,na,na,na,na,Not a Pedestrian,Changing lane to the left,Slight Injury,17,55
Wednesday,31-50,Male,,,Stationwagen,Owner,,Residential areas,Double carriageway (median),Tangent road with flat terrain,No junction,Asphalt roads,Dry,Darkness - lights lit,Normal,Collision with animals,1,2,Other,Driver or rider,Female,18-30,3,Not a Pedestrian,Getting off the vehicle improperly,Slight Injury,17,55
Thursday,18-30,Male,Junior high school,Above 10yr,Lorry (41?100Q),Governmental,Above 10yr,Other,Two-way (divided with broken lines road marking),Tangent road with flat terrain,No junction,Earth roads,Dry,Daylight,Normal,Collision with animals,1,1,Going straight,Driver or rider,Male,Under 18,3,Not a Pedestrian,No distancing,Slight Injury,7,30
Saturday,31-50,Male,High school,1-2yr,Automobile,Owner,,Office areas,Two-way (divided with broken lines road marking),Tangent road with flat terrain,Y Shape,Asphalt roads,Dry,Darkness - lights lit,Normal,Collision with animals,4,1,Getting off,Passenger,Male,Under 18,2,Not a Pedestrian,Changing lane to the right,Slight Injury,17,30
Saturday,31-50,Male,Junior high school,5-10yr,,Owner,, Industrial areas,Unknown,Tangent road with flat terrain,Y Shape,Asphalt roads,Dry,Darkness - lights lit,Normal,Collision with animals,4,1,Going straight,na,na,na,na,Not a Pedestrian,Changing lane to the right,Slight Injury,17,30
Saturday,18-30,Male,Junior high school,1-2yr,Automobile,Owner,1-2yr, Industrial areas,Double carriageway (median),Tangent road with flat terrain,Y Shape,,Dry,Darkness - lights lit,Normal,Collision with animals,4,1,Going straight,na,na,na,na,Not a Pedestrian,Moving Backward,Slight Injury,17,30
Saturday,Unknown,Male,Junior high school,Above 10yr,Automobile,Owner,,Other,Two-way (divided with broken lines road marking),Tangent road with flat terrain,Y Shape,Gravel roads,Dry,Darkness - lights lit,Normal,Collision with animals,4,1,Going straight,Driver or rider,Male,31-50,3,Not a Pedestrian,Driving at high speed,Slight Injury,17,30
Sunday,Over 51,Male,Junior high school,Below 1yr,Turbo,Organization,Above 10yr, Hospital areas,Two-way (divided with broken lines road marking),Tangent road with flat terrain,Y Shape,Asphalt roads,Wet or damp,Darkness - lights lit,Raining,Collision with animals,3,3,Going straight,Passenger,Female,31-50,3,Not a Pedestrian,Changing lane to the left,Slight Injury,16,5
Sunday,Over 51,Male,Elementary school,2-5yr,,Owner,Unknown,Office areas,One way,Tangent road with flat terrain,Y Shape,,Wet or damp,Darkness - lights lit,Raining,Other,3,3,Going straight,na,na,na,na,Not a Pedestrian,Changing lane to the right,Slight Injury,16,5
Sunday,18-30,Male,Junior high school,5-10yr,Stationwagen,Owner,2-5yrs, Church areas,Undivided Two way,Tangent road with flat terrain,Y Shape,Asphalt roads,Wet or damp,Darkness - lights lit,Raining,Rollover,3,3,Going straight,Pedestrian,Female,31-50,3,Not a Pedestrian,No distancing,Slight Injury,16,5
Sunday,18-30,Male,Elementary school,5-10yr,Automobile,Organization,5-10yrs, Hospital areas,Undivided Two way,Tangent road with mountainous terrain and,Y Shape,Earth roads,Wet or damp,Darkness - lights lit,Raining,Collision with animals,3,3,Moving Backward,Pedestrian,Male,18-30,3,Not a Pedestrian,Changing lane to the right,Slight Injury,16,5
Saturday,18-30,Male,Junior high school,1-2yr,Automobile,Owner,Above 10yr,Office areas,other,Tangent road with flat terrain,Y Shape,Asphalt roads,Dry,Daylight,Normal,Rollover,2,1,Going straight,na,na,na,na,Not a Pedestrian,Changing lane to the right,Slight Injury,14,30
Saturday,Under 18,Male,Junior high school,5-10yr,Automobile,Owner,2-5yrs,Other,Two-way (divided with broken lines road marking),Escarpments,Y Shape,Asphalt roads,Dry,Daylight,Normal,Collision with animals,2,1,Other,Driver or rider,Male,31-50,3,Not a Pedestrian,No distancing,Slight Injury,14,30
Friday,31-50,Male,Unknown,,Pick up upto 10Q,Owner,1-2yr,Office areas,Undivided Two way,Tangent road with flat terrain,O Shape,Asphalt roads,Dry,Daylight,Normal,Collision with animals,1,1,Going straight,na,na,na,na,Not a Pedestrian,Changing lane to the right,Serious Injury,9,20
Friday,31-50,Male,High school,2-5yr,Lorry (41?100Q),Owner,2-5yrs,Office areas,Two-way (divided with broken lines road marking),Tangent road with mountainous terrain and,Y Shape,Asphalt roads,Dry,Daylight,Normal,Vehicle with vehicle collision,1,1,Going straight,Driver or rider,Male,31-50,3,Not a Pedestrian,Driving carelessly,Slight Injury,8,5
Friday,31-50,Male,Junior high school,1-2yr,Lorry (41?100Q),Owner,,Other,Double carriageway (median),Steep grade downward with mountainous terrain,Crossing,Asphalt roads,Dry,Darkness - lights lit,Normal,Fall from vehicles,2,1,Going straight,na,na,na,na,Not a Pedestrian,Driving carelessly,Slight Injury,2,10
Friday,31-50,Male,Junior high school,5-10yr,Automobile,Owner,1-2yr,Office areas,Undivided Two way,Tangent road with mild grade and flat terrain,Crossing,Earth roads,Dry,Darkness - lights lit,Normal,Collision with roadside-parked vehicles,2,1,Going straight,Driver or rider,Male,31-50,2,Not a Pedestrian,Changing lane to the right,Slight Injury,2,10
Friday,31-50,Male,Junior high school,2-5yr,Lorry (41?100Q),Owner,,Residential areas,Undivided Two way,Tangent road with flat terrain,Y Shape,Asphalt roads,Dry,Darkness - lights lit,Normal,Collision with roadside-parked vehicles,2,1,,na,na,na,na,Not a Pedestrian,Overturning,Slight Injury,0,5
Friday,Over 51,Male,Junior high school,No Licence,Lorry (41?100Q),Owner,Unknown,Other,Two-way (divided with broken lines road marking),Tangent road with flat terrain,Y Shape,Asphalt roads,Dry,Darkness - lights lit,Normal,Rollover,2,1,Moving Backward,Driver or rider,Male,Under 18,3,Not a Pedestrian,Changing lane to the right,Slight Injury,0,5
Sunday,18-30,Male,Junior high school,Above 10yr,Lorry (41?100Q),Owner,2-5yrs,Office areas,Double carriageway (median),Tangent road with flat terrain,Y Shape,Asphalt roads,Dry,Daylight,Normal,Collision with animals,2,1,,na,na,na,na,Not a Pedestrian,Moving Backward,Slight Injury,15,20
Sunday,Unknown,Male,Junior high school,Above 10yr,Lorry (41?100Q),Owner,5-10yrs,Office areas,Undivided Two way,Tangent road with mountainous terrain and,Y Shape,Asphalt roads,Dry,Daylight,Normal,Collision with animals,2,1,Going straight,Passenger,Male,18-30,3,Not a Pedestrian,No distancing,Slight Injury,15,20
Thursday,18-30,Male,Junior high school,5-10yr,Automobile,,,Office areas,other,Tangent road with flat terrain,Y Shape,Asphalt roads,Dry,Daylight,Normal,Fall from vehicles,2,1,Going straight,Pedestrian,Male,18-30,3,Not a Pedestrian,Overturning,Slight Injury,11,50
Thursday,Unknown,Male,High school,2-5yr,Automobile,Owner,5-10yrs,Other,Two-way (divided with broken lines road marking),Tangent road with mild grade and flat terrain,Y Shape,Asphalt roads,Dry,Daylight,Normal,Collision with roadside-parked vehicles,2,1,,Pedestrian,Male,Under 18,2,Not a Pedestrian,Driving carelessly,Slight Injury,11,50
Saturday,18-30,Male,High school,2-5yr,Automobile,Owner,, Church areas,Undivided Two way,Tangent road with flat terrain,No junction,Asphalt roads,Dry,Darkness - lights lit,Normal,Collision with animals,1,1,Going straight,na,na,na,na,Not a Pedestrian,Changing lane to the right,Slight Injury,23,5
Monday,18-30,Male,Junior high school,Below 1yr,Public (13?45 seats),Owner,Unknown, Industrial areas,Undivided Two way,Tangent road with flat terrain,No junction,Asphalt roads,Dry,Darkness - lights lit,Normal,Collision with animals,1,1,Going straight,Driver or rider,Male,31-50,2,Not a Pedestrian,Driving at high speed,Slight Injury,19,50
Tuesday,31-50,Male,Junior high school,Above 10yr,Automobile,Owner,1-2yr,Office areas,Double carriageway (median),Tangent road with flat terrain,O Shape,Asphalt roads,Dry,Darkness - lights lit,Normal,Collision with pedestrians,2,1,Going straight,na,na,na,na,Not a Pedestrian,Changing lane to the left,Slight Injury,18,10
Tuesday,Unknown,Male,Junior high school,Above 10yr,Public (13?45 seats),Owner,Unknown, Church areas,Undivided Two way,Tangent road with flat terrain,O Shape,Asphalt roads,Dry,Darkness - lights lit,Normal,Vehicle with vehicle collision,2,1,Going straight,Passenger,Male,31-50,2,Not a Pedestrian,Driving carelessly,Slight Injury,18,10
Thursday,Over 51,Male,Elementary school,2-5yr,Public (13?45 seats),Owner,,Office areas,Undivided Two way,Tangent road with flat terrain,Crossing,Asphalt roads,Dry,Darkness - lights lit,Normal,Vehicle with vehicle collision,2,1,Going straight,na,na,na,na,Not a Pedestrian,No distancing,Slight Injury,18,50
Thursday,Unknown,Male,Junior high school,2-5yr,Automobile,Owner,,Office areas,other,Tangent road with flat terrain,Crossing,Earth roads,Dry,Darkness - lights lit,Normal,Collision with pedestrians,2,1,Going straight,Driver or rider,Male,31-50,2,Not a Pedestrian,Moving Backward,Slight Injury,18,50
Wednesday,Over 51,Male,Unknown,Above 10yr,Lorry (11?40Q),Owner,,Residential areas,Two-way (divided with broken lines road marking),Tangent road with flat terrain,No junction,Asphalt roads,Dry,Darkness - lights lit,Normal,Vehicle with vehicle collision,2,1,Going straight,na,na,na,na,Not a Pedestrian,No priority to pedestrian,Slight Injury,17,0
Wednesday,18-30,Male,Elementary school,5-10yr,Automobile,Owner,5-10yrs,Office areas,Two-way (divided with broken lines road marking),Tangent road with flat terrain,No junction,Asphalt roads,Dry,Darkness - lights lit,Normal,Collision with roadside objects,2,1,Other,Driver or rider,Male,31-50,2,Not a Pedestrian,Moving Backward,Slight Injury,17,0
Wednesday,18-30,Male,Junior high school,Below 1yr,Lorry (41?100Q),Owner,5-10yrs,Residential areas,Undivided Two way,Tangent road with flat terrain,Y Shape,Asphalt roads,Dry,Daylight,Normal,Vehicle with vehicle collision,2,1,Going straight,Pedestrian,Male,Under 18,3,Crossing from nearside - masked by parked or statioNot a Pedestrianry vehicle,Changing lane to the right,Slight Injury,11,50
Wednesday,18-30,Male,Elementary school,Below 1yr,Other,Owner,2-5yrs,Office areas,Double carriageway (median),Tangent road with flat terrain,Y Shape,Asphalt roads,Dry,Daylight,Normal,Vehicle with vehicle collision,2,1,Going straight,Driver or rider,Male,31-50,2,Not a Pedestrian,No distancing,Slight Injury,11,50
Thursday,31-50,Male,Junior high school,Below 1yr,Pick up upto 10Q,Owner,2-5yrs,Office areas,Double carriageway (median),Tangent road with flat terrain,Y Shape,Other,Dry,Daylight,Normal,Vehicle with vehicle collision,1,1,Going straight,na,na,na,na,Not a Pedestrian,Drunk driving,Slight Injury,14,40
Friday,Under 18,Male,Junior high school,5-10yr,Lorry (11?40Q),,,Other,Two-way (divided with broken lines road marking),Tangent road with flat terrain,No junction,Gravel roads,Dry,Darkness - lights lit,Normal,Rollover,2,1,Going straight,na,na,na,na,Not a Pedestrian,Changing lane to the right,Slight Injury,21,0
Friday,31-50,Male,Junior high school,5-10yr,Motorcycle,Owner,Unknown,Other,Two-way (divided with broken lines road marking),Tangent road with flat terrain,No junction,Gravel roads,Dry,Darkness - lights lit,Normal,Vehicle with vehicle collision,2,1,Going straight,Driver or rider,Male,18-30,2,Not a Pedestrian,Driving carelessly,Slight Injury,21,0
Sunday,Over 51,Male,High school,5-10yr,Pick up upto 10Q,Owner,Above 10yr,Residential areas,Two-way (divided with broken lines road marking),Tangent road with flat terrain,Y Shape,Asphalt roads,Dry,Darkness - lights lit,Normal,Vehicle with vehicle collision,2,1,Going straight,Driver or rider,Female,Over 51,3,Not a Pedestrian,Driving to the left,Slight Injury,17,30
Sunday,Unknown,Male,Junior high school,5-10yr,Lorry (11?40Q),Owner,Unknown, Church areas,Two-way (divided with broken lines road marking),Tangent road with flat terrain,Y Shape,Asphalt roads,Dry,Darkness - lights lit,Normal,Vehicle with vehicle collision,2,1,Moving Backward,Driver or rider,Male,31-50,3,Not a Pedestrian,Changing lane to the right,Slight Injury,17,30
Monday,18-30,Male,Junior high school,2-5yr,Lorry (11?40Q),Governmental,Unknown, Church areas,Double carriageway (median),Tangent road with flat terrain,Crossing,Earth roads,Dry,Darkness - lights lit,Normal,Collision with pedestrians,2,1,Going straight,Driver or rider,Female,31-50,3,Not a Pedestrian,Changing lane to the right,Serious Injury,0,0
Monday,31-50,Male,Elementary school,5-10yr,Automobile,Owner,2-5yrs,Residential areas,Double carriageway (median),Tangent road with flat terrain,Crossing,Asphalt roads,Dry,Darkness - lights lit,Normal,Vehicle with vehicle collision,2,1,Going straight,Driver or rider,Female,31-50,3,Not a Pedestrian,Driving carelessly,Serious Injury,0,0
Monday,18-30,Male,Junior high school,2-5yr,Automobile,Owner,,Office areas,Two-way (divided with broken lines road marking),Tangent road with mild grade and flat terrain,Y Shape,Asphalt roads,Wet or damp,Darkness - lights lit,Other,Collision with roadside objects,2,1,Going straight,Passenger,Male,Under 18,3,Not a Pedestrian,Changing lane to the left,Slight Injury,17,0
Monday,Unknown,Male,Junior high school,Below 1yr,Other,Owner,5-10yrs,Office areas,Two-way (divided with broken lines road marking),Tangent road with mild grade and flat terrain,Y Shape,Asphalt roads,Wet or damp,Darkness - lights lit,Other,Vehicle with vehicle collision,2,1,Going straight,Passenger,Female,Under 18,1,Not a Pedestrian,No priority to vehicle,Slight Injury,17,0
Tuesday,18-30,Male,Elementary school,2-5yr,Other,Owner,2-5yrs,Residential areas,Two-way (divided with broken lines road marking),Tangent road with flat terrain,Y Shape,Asphalt roads,Dry,Daylight,Normal,Rollover,2,1,Going straight,Passenger,Female,Under 18,3,Not a Pedestrian,Driving carelessly,Slight Injury,14,20
Tuesday,Under 18,Male,Junior high school,2-5yr,Automobile,Owner,5-10yrs, Church areas,other,Tangent road with flat terrain,Y Shape,Earth roads,Dry,Daylight,Normal,Vehicle with vehicle collision,2,1,Going straight,Driver or rider,Male,Under 18,3,Not a Pedestrian,Changing lane to the right,Slight Injury,14,20
Wednesday,18-30,Male,Junior high school,2-5yr,Taxi,Owner,,Other,Two-way (divided with broken lines road marking),Tangent road with flat terrain,Crossing,Asphalt roads,Wet or damp,Darkness - lights lit,Other,Vehicle with vehicle collision,2,1,Going straight,na,na,na,na,Not a Pedestrian,Driving carelessly,Slight Injury,1,30
Wednesday,18-30,Male,Junior high school,5-10yr,Other,Owner,,Office areas,Two-way (divided with broken lines road marking),Tangent road with flat terrain,Crossing,Asphalt roads,Wet or damp,Darkness - lights lit,Other,Vehicle with vehicle collision,2,1,Getting off,na,na,na,na,Not a Pedestrian,Driving under the influence of drugs,Slight Injury,1,30
Sunday,18-30,Male,Junior high school,5-10yr,Taxi,Owner,,Other,Two-way (divided with broken lines road marking),Tangent road with flat terrain,Crossing,Asphalt roads,Dry,Daylight,Normal,Vehicle with vehicle collision,3,1,Going straight,Driver or rider,Female,18-30,3,Not a Pedestrian,No distancing,Slight Injury,13,45
Sunday,31-50,Male,Junior high school,,Lorry (11?40Q),Owner,,Other,Two-way (divided with broken lines road marking),Tangent road with flat terrain,Crossing,Asphalt roads,Dry,Daylight,Normal,Vehicle with vehicle collision,3,1,Going straight,na,na,na,na,Not a Pedestrian,Changing lane to the left,Slight Injury,13,45
Sunday,31-50,Male,Junior high school,5-10yr,Automobile,Owner,,,,Tangent road with flat terrain,Crossing,Asphalt roads,Dry,Daylight,Normal,Collision with roadside objects,3,1,Turnover,Driver or rider,Male,31-50,3,Not a Pedestrian,No priority to vehicle,Slight Injury,13,45
Sunday,31-50,Male,Junior high school,2-5yr,Other,Governmental,2-5yrs,Residential areas,Two-way (divided with broken lines road marking),,No junction,Asphalt roads,Dry,Daylight,Normal,Vehicle with vehicle collision,1,1,Moving Backward,na,na,na,na,Not a Pedestrian,Moving Backward,Slight Injury,16,20
Wednesday,Over 51,Male,Junior high school,Below 1yr,Automobile,Owner,Below 1yr, Church areas,Undivided Two way,Tangent road with flat terrain,Crossing,Asphalt roads,Dry,Daylight,Normal,Vehicle with vehicle collision,2,1,Going straight,na,na,na,na,Not a Pedestrian,Moving Backward,Slight Injury,11,30
Wednesday,Unknown,Male,Junior high school,1-2yr,Automobile,,,Other,Undivided Two way,Tangent road with flat terrain,Crossing,Asphalt roads,Dry,Daylight,Normal,Collision with roadside objects,2,1,Moving Backward,Driver or rider,Male,Over 51,2,Not a Pedestrian,No distancing,Slight Injury,11,30
Thursday,Under 18,Male,Junior high school,Below 1yr,Automobile,Owner,Unknown,Other,One way,Tangent road with flat terrain,Crossing,Asphalt roads,Dry,Daylight,Normal,Collision with roadside objects,2,1,Going straight,Passenger,Female,Over 51,3,Not a Pedestrian,Changing lane to the right,Slight Injury,16,0
Thursday,31-50,Male,Junior high school,Above 10yr,Automobile,Owner,Unknown,Residential areas,Two-way (divided with broken lines road marking),Tangent road with flat terrain,Crossing,Asphalt roads,Dry,Daylight,Normal,Vehicle with vehicle collision,2,1,,na,na,na,na,Not a Pedestrian,Changing lane to the right,Slight Injury,16,0
Tuesday,31-50,Male,Junior high school,Below 1yr,Lorry (41?100Q),Owner,Unknown,Office areas,One way,Tangent road with flat terrain,Crossing,Earth roads,Dry,Daylight,Normal,Vehicle with vehicle collision,2,1,Going straight,Driver or rider,Male,18-30,3,Not a Pedestrian,Moving Backward,Slight Injury,12,50
Tuesday,Unknown,Male,Junior high school,2-5yr,Other,Owner,Unknown, Industrial areas,Two-way (divided with broken lines road marking),Tangent road with flat terrain,Crossing,Asphalt roads,Dry,Daylight,Normal,Vehicle with vehicle collision,2,1,,Passenger,Female,18-30,3,Not a Pedestrian,Driving carelessly,Slight Injury,12,50
Monday,31-50,Male,Junior high school,1-2yr,Pick up upto 10Q,Governmental,,Residential areas,Double carriageway (median),Tangent road with flat terrain,Crossing,Asphalt roads,Dry,Darkness - lights lit,Normal,Vehicle with vehicle collision,1,1,Going straight,na,na,na,na,Not a Pedestrian,Driving under the influence of drugs,Slight Injury,5,10
Wednesday,Unknown,Female,Elementary school,5-10yr,Pick up upto 10Q,Owner,,Office areas,Unknown,Tangent road with flat terrain,Y Shape,Asphalt roads,Dry,Daylight,Normal,Collision with roadside objects,1,1,,Driver or rider,Female,18-30,3,Not a Pedestrian,No distancing,Slight Injury,10,35
Tuesday,Unknown,Male,Junior high school,Below 1yr,Automobile,Owner,2-5yrs,Other,,Tangent road with flat terrain,Crossing,Asphalt roads,Dry,Daylight,Normal,Vehicle with vehicle collision,2,2,Going straight,Driver or rider,Male,Over 51,3,Not a Pedestrian,No distancing,Slight Injury,10,35
Tuesday,18-30,Male,Junior high school,Below 1yr,Long lorry,Owner,Unknown, Church areas,other,Tangent road with flat terrain,Crossing,Earth roads,Dry,Daylight,Normal,Vehicle with vehicle collision,2,2,Going straight,Pedestrian,Male,Under 18,2,Crossing from nearside - masked by parked or statioNot a Pedestrianry vehicle,No priority to vehicle,Slight Injury,10,35
Friday,Over 51,Male,Writing & reading,Below 1yr,Automobile,Owner,Above 10yr, Industrial areas,,Tangent road with flat terrain,Y Shape,Asphalt roads,Dry,Daylight,Normal,Vehicle with vehicle collision,2,1,Going straight,na,na,na,na,Not a Pedestrian,Driving to the left,Slight Injury,8,45
Friday,31-50,Male,Junior high school,1-2yr,Public (13?45 seats),Owner,Unknown,  Recreational areas,One way,Tangent road with flat terrain,Y Shape,Asphalt roads,Dry,Daylight,Normal,Vehicle with vehicle collision,2,1,Going straight,Driver or rider,Male,31-50,3,Not a Pedestrian,No priority to vehicle,Slight Injury,8,45
Monday,18-30,Male,Elementary school,5-10yr,Lorry (41?100Q),Owner,Unknown,  Market areas,Undivided Two way,Tangent road with flat terrain,Crossing,Asphalt roads,Dry,Darkness - lights lit,Normal,Vehicle with vehicle collision,2,2,Going straight,Passenger,Female,31-50,3,Not a Pedestrian,No priority to vehicle,Slight Injury,20,15
Monday,18-30,Male,Junior high school,2-5yr,Public (13?45 seats),Owner,Unknown,Other,Two-way (divided with broken lines road marking),Tangent road with flat terrain,Crossing,Asphalt roads,Dry,Darkness - lights lit,Normal,Vehicle with vehicle collision,2,2,Other,na,na,na,na,Not a Pedestrian,No priority to vehicle,Slight Injury,20,15
Monday,Unknown,Male,Junior high school,Below 1yr,Other,Owner,Unknown,Other,Two-way (divided with broken lines road marking),Tangent road with flat terrain,Crossing,Asphalt roads,Dry,Darkness - lights lit,Normal,Collision with roadside objects,2,2,Other,Driver or rider,Male,18-30,3,Not a Pedestrian,No distancing,Slight Injury,20,15
Friday,18-30,Male,Writing & reading,5-10yr,Lorry (41?100Q),Owner,Unknown, Industrial areas,Two-way (divided with broken lines road marking),,No junction,Asphalt roads,Dry,Daylight,Normal,Vehicle with vehicle collision,1,1,Going straight,na,na,na,na,Not a Pedestrian,Moving Backward,Slight Injury,12,40
Thursday,31-50,Male,Writing & reading,5-10yr,Lorry (41?100Q),Governmental,2-5yrs,Other,Two-way (divided with broken lines road marking),Tangent road with flat terrain,Y Shape,Asphalt roads,Dry,Daylight,Normal,Collision with pedestrians,2,1,Going straight,Driver or rider,Male,18-30,3,Not a Pedestrian,Changing lane to the right,Slight Injury,10,5
Thursday,31-50,Male,Junior high school,5-10yr,Long lorry,Governmental,,Office areas,other,Tangent road with flat terrain,Y Shape,Asphalt roads,Dry,Daylight,Normal,Collision with roadside objects,2,1,Getting off,Pedestrian,Female,18-30,3,Not a Pedestrian,Driving carelessly,Slight Injury,10,5
Monday,31-50,Male,Junior high school,2-5yr,Pick up upto 10Q,Owner,Unknown,,other,Tangent road with flat terrain,Y Shape,Other,Dry,Darkness - lights lit,Normal,Collision with roadside objects,2,1,Going straight,na,na,na,na,Not a Pedestrian,Changing lane to the left,Slight Injury,0,5
Monday,Unknown,Male,Junior high school,Above 10yr,Pick up upto 10Q,Owner,,Office areas,Two-way (divided with broken lines road marking),Tangent road with flat terrain,Y Shape,Asphalt roads,Dry,Darkness - lights lit,Normal,Vehicle with vehicle collision,2,1,Going straight,Passenger,Male,31-50,3,Not a Pedestrian,No distancing,Slight Injury,0,5
Monday,Under 18,Male,Junior high school,5-10yr,Lorry (41?100Q),Owner,,Office areas,Undivided Two way,Tangent road with flat terrain,Y Shape,Asphalt roads,Dry,Darkness - lights lit,Normal,Rollover,2,1,Going straight,Passenger,Female,Over 51,3,Not a Pedestrian,Changing lane to the right,Slight Injury,17,25
Monday,18-30,Male,Junior high school,Above 10yr,Lorry (41?100Q),Organization,Unknown,Other,other,Tangent road with flat terrain,Y Shape,Asphalt roads,Dry,Darkness - lights lit,Normal,Vehicle with vehicle collision,2,1,Going straight,Driver or rider,Male,18-30,3,Not a Pedestrian,Driving under the influence of drugs,Slight Injury,17,25
Saturday,31-50,Male,Junior high school,2-5yr,Automobile,Governmental,2-5yrs,Other,other,Tangent road with flat terrain,Y Shape,Asphalt roads,Dry,Darkness - lights lit,Normal,Vehicle with vehicle collision,1,1,Going straight,Driver or rider,Female,18-30,3,Not a Pedestrian,No distancing,Serious Injury,23,20
Friday,Over 51,Male,Junior high school,Below 1yr,Other,Owner,Unknown,Other,Undivided Two way,Tangent road with flat terrain,Y Shape,Asphalt roads,Dry,Daylight,Normal,Vehicle with vehicle collision,1,1,Getting off,Passenger,Male,Under 18,3,Not a Pedestrian,Overturning,Slight Injury,16,0