Day_of_week,Age_band_of_driver,Sex_of_driver,Educational_level,Driving_experience,Type_of_vehicle,Owner_of_vehicle,Service_year_of_vehicle,Area_accident_occured,Lanes_or_Medians,Road_allignment,Types_of_Junction,Road_surface_type,Road_surface_conditions,Light_conditions,Weather_conditions,Type_of_collision,Number_of_vehicles_involved,Number_of_casualties,Vehicle_movement,Casualty_class,Sex_of_casualty,Age_band_of_casualty,Casualty_severity,Pedestrian_movement,Cause_of_accident,Accident_severity,Hour,Minute
Friday,18-30,Male,Junior high school,5-10yr,Automobile,Owner,Unknown, Industrial areas,Two-way (divided with broken lines road marking),Tangent road with flat terrain,Other,Asphalt roads,Dry,Daylight,Normal,Vehicle with vehicle collision,2,1,Going straight,Passenger,Female,Under 18,3,Not a Pedestrian,No distancing,Slight Injury,16,40
Sunday,31-50,Male,Junior high school,5-10yr,Automobile,Owner,Unknown, Church areas,Two-way (divided with broken lines road marking),Tangent road with flat terrain,Y Shape,Asphalt roads,Dry,Daylight,Normal,Vehicle with vehicle collision,2,1,Going straight,Passenger,Male,Under 18,3,Not a Pedestrian,Moving Backward,Slight Injury,16,45
Sunday,31-50,Male,Junior high school,Below 1yr,Public (> 45 seats),Owner,2-5yrs,Residential areas,Undivided Two way,Steep grade downward with mountainous terrain,Y Shape,Asphalt roads,Dry,Daylight,Normal,Vehicle with vehicle collision,2,1,Going straight,Driver or rider,Male,18-30,3,Not a Pedestrian,No distancing,Slight Injury,16,45
Thursday,Over 51,Male,,,,,,,Two-way (divided with broken lines road marking),Tangent road with flat terrain,No junction,Asphalt roads,Dry,Daylight,Normal,Vehicle with vehicle collision,1,1,Going straight,Pedestrian,Male,Over 51,3,Crossing from nearside - masked by parked or statioNot a Pedestrianry vehicle,Changing lane to the left,Slight Injury,16,20
Wednesday,Under 18,Male,Junior high school,5-10yr,Automobile,,,,Two-way (divided with broken lines road marking),Tangent road with flat terrain,Y Shape,Asphalt roads,Dry,Daylight,Normal,Vehicle with vehicle collision,2,1,Going straight,na,na,na,na,Not a Pedestrian,Changing lane to the left,Slight Injury,18,50
Wednesday,31-50,Male,Junior high school,5-10yr,Automobile,Owner,1-2yr,Office areas,Undivided Two way,Tangent road with flat terrain,Y Shape,Asphalt roads,Dry,Daylight,Normal,Vehicle with vehicle collision,2,1,Going straight,Driver or rider,Male,18-30,3,Not a Pedestrian,No priority to pedestrian,Slight Injury,18,50
Friday,18-30,Male,Junior high school,Above 10yr,Other,Owner,Above 10yr, Outside rural areas,Two-way (divided with broken lines road marking),Tangent road with mountainous terrain and,Y Shape,Asphalt roads,Dry,Daylight,Normal,Vehicle with vehicle collision,2,1,Going straight,na,na,na,na,Not a Pedestrian,Moving Backward,Slight Injury,8,20
Friday,Over 51,Male,High school,Above 10yr,Stationwagen,Owner,Above 10yr, Church areas,Two-way (divided with broken lines road marking),Steep grade downward with mountainous terrain,Y Shape,Asphalt roads,Dry,Daylight,Normal,Vehicle with vehicle collision,2,1,Going straight,Driver or rider,Male,31-50,3,Not a Pedestrian,Changing lane to the left,Slight Injury,8,20
Monday,Over 51,Male,Junior high school,Above 10yr,Lorry (41?100Q),Owner,,Office areas,other,Tangent road with mountainous terrain and,Crossing,Asphalt roads,Dry,Daylight,Normal,Collision with pedestrians,1,1,Other,na,na,na,na,Not a Pedestrian,No distancing,Serious Injury,9,35
Friday,31-50,Male,Junior high school,Above 10yr,Taxi,Owner,Above 10yr, Church areas,Two-way (divided with broken lines road marking),Steep grade downward with mountainous terrain,Y Shape,Asphalt roads,Dry,Daylight,Normal,Vehicle with vehicle collision,1,1,Going straight,Driver or rider,Male,5,3,Not a Pedestrian,No priority to vehicle,Slight Injury,16,30
Thursday,18-30,Male,Junior high school,Above 10yr,Other,,,Office areas,other,Tangent road with mountainous terrain and,No junction,Asphalt roads,Dry,Darkness - no lighting,Unknown,Vehicle with vehicle collision,2,1,Going straight,Driver or rider,Male,31-50,3,Not a Pedestrian,Changing lane to the right,Slight Injury,21,0
Thursday,Unknown,Male,Junior high school,Above 10yr,Public (12 seats),Governmental,,Office areas,Undivided Two way,Tangent road with flat terrain,No junction,Asphalt roads,Dry,Darkness - no lighting,Unknown,Vehicle with vehicle collision,2,1,Moving Backward,na,na,na,na,Not a Pedestrian,No distancing,Slight Injury,21,0
Friday,Unknown,Female,Junior high school,5-10yr,Automobile,Owner,1-2yr,School areas,Two-way (divided with broken lines road marking),Tangent road with flat terrain,No junction,Asphalt roads,Dry,Daylight,Normal,Vehicle with vehicle collision,1,1,Going straight,Driver or rider,Male,31-50,3,Not a Pedestrian,No distancing,Slight Injury,18,0
Monday,Under 18,Male,Junior high school,2-5yr,Automobile,Owner,Below 1yr,Residential areas,Two-way (divided with broken lines road marking),Tangent road with flat terrain,Y Shape,Asphalt roads,Wet or damp,Daylight,Raining,Collision with roadside objects,2,1,Moving Backward,na,na,na,na,Not a Pedestrian,Getting off the vehicle improperly,Slight Injury,20,15
Monday,31-50,Male,Junior high school,Below 1yr,Public (13?45 seats),Owner,,Office areas,other,Tangent road with mountainous terrain and,Y Shape,Asphalt roads,Wet or damp,Daylight,Raining,Vehicle with vehicle collision,2,1,Other,Pedestrian,Female,Over 51,2,Not a Pedestrian,No priority to pedestrian,Slight Injury,20,15
Saturday,18-30,Male,Junior high school,Below 1yr,Lorry (41?100Q),Owner,Unknown,Rural village areasOffice areas,other,Tangent road with flat terrain,No junction,Other,Dry,Darkness - lights lit,Normal,Vehicle with vehicle collision,2,1,Going straight,Pedestrian,Female,18-30,3,Not a Pedestrian,Changing lane to the left,Slight Injury,4,45
Saturday,Unknown,Male,Junior high school,2-5yr,Lorry (41?100Q),Owner,Unknown,Other,Two-way (divided with broken lines road marking),Tangent road with flat terrain,No junction,Asphalt roads,Dry,Darkness - lights lit,Normal,Vehicle with vehicle collision,2,1,Reversing,na,na,na,na,Not a Pedestrian,No distancing,Slight Injury,4,45
Thursday,18-30,Male,Elementary school,Below 1yr,Lorry (11?40Q),Owner,Unknown,Residential areas,Undivided Two way,Tangent road with flat terrain,No junction,Asphalt roads,Dry,Daylight,Normal,Vehicle with vehicle collision,1,1,Going straight,Driver or rider,Male,18-30,3,Not a Pedestrian,Driving carelessly,Slight Injury,8,15
Thursday,Unknown,Female,Junior high school,Below 1yr,Motorcycle,Owner,Unknown,Office areas,Undivided Two way,Tangent road with flat terrain,T Shape,Asphalt roads,Dry,Daylight,Normal,Vehicle with vehicle collision,2,1,Other,Driver or rider,Female,31-50,3,Not a Pedestrian,No distancing,Slight Injury,9,45
Thursday,18-30,Male,Junior high school,,Lorry (41?100Q),Owner,Unknown,Office areas,Undivided Two way,Tangent road with flat terrain,T Shape,Asphalt roads,Dry,Daylight,Normal,Vehicle with vehicle collision,2,1,Other,na,na,na,na,Not a Pedestrian,Changing lane to the right,Slight Injury,9,45
Thursday,Over 51,Male,,5-10yr,Stationwagen,Owner,Unknown,Residential areas,Undivided Two way,Tangent road with flat terrain,No junction,Asphalt roads,Dry,Daylight,Unknown,Vehicle with vehicle collision,1,1,Other,Driver or rider,Female,31-50,3,Not a Pedestrian,Overtaking,Slight Injury,13,25
Saturday,18-30,Male,Writing & reading,Below 1yr,Automobile,Owner,Unknown,Office areas,Undivided Two way,Tangent road with flat terrain,No junction,Asphalt roads,Dry,Daylight,Normal,Collision with roadside objects,1,1,Stopping,na,na,na,na,Not a Pedestrian,Driving carelessly,Slight Injury,12,45
Friday,18-30,Male,Junior high school,Below 1yr,Other,Owner,Unknown,Office areas,Undivided Two way,Tangent road with flat terrain,No junction,Asphalt roads,Dry,Daylight,Normal,Vehicle with vehicle collision,1,1,Other,Driver or rider,Male,18-30,3,Not a Pedestrian,Moving Backward,Serious Injury,11,50
Friday,31-50,Male,Junior high school,1-2yr,Other,Owner,Unknown,Office areas,,Tangent road with flat terrain,Other,Other,Dry,Daylight,Unknown,Vehicle with vehicle collision,2,3,Other,na,na,na,na,Not a Pedestrian,No distancing,Slight Injury,14,50
Friday,18-30,Male,Elementary school,Above 10yr,Taxi,Owner,Unknown,Office areas,Two-way (divided with broken lines road marking),Tangent road with flat terrain,Other,Asphalt roads,Dry,Daylight,Unknown,Vehicle with vehicle collision,2,3,Other,Pedestrian,Female,Over 51,3,Not a Pedestrian,Overtaking,Slight Injury,14,50
Friday,18-30,Male,Elementary school,Above 10yr,Automobile,Owner,Unknown,Other,Undivided Two way,Tangent road with flat terrain,Other,Asphalt roads,Dry,Daylight,Unknown,Vehicle with vehicle collision,2,3,Going straight,na,na,na,na,Not a Pedestrian,Driving carelessly,Slight Injury,14,50
Friday,18-30,Male,Elementary school,Below 1yr,Long lorry,Owner,Unknown,Other,Two-way (divided with broken lines road marking),Tangent road with flat terrain,Other,Asphalt roads,Dry,Daylight,Unknown,Rollover,2,3,Going straight,Passenger,Female,Under 18,3,Not a Pedestrian,Driving carelessly,Slight Injury,14,50
Wednesday,Unknown,Male,High school,2-5yr,Long lorry,Owner,2-5yrs,Other,Two-way (divided with broken lines road marking),Tangent road with flat terrain,Crossing,Asphalt roads,Dry,Daylight,Normal,Vehicle with vehicle collision,2,1,Going straight,Pedestrian,Male,5,2,Not a Pedestrian,Moving Backward,Slight Injury,16,15
Wednesday,Over 51,Male,Junior high school,2-5yr,Lorry (41?100Q),Owner,2-5yrs,Residential areas,One way,Tangent road with flat terrain,Crossing,Asphalt roads,Dry,Daylight,Normal,Vehicle with vehicle collision,2,1,Going straight,na,na,na,na,Not a Pedestrian,Driving carelessly,Slight Injury,16,15
Saturday,Unknown,Male,Above high school,Above 10yr,Lorry (41?100Q),Owner,2-5yrs,School areas,Undivided Two way,Tangent road with mild grade and flat terrain,No junction,Asphalt roads,Wet or damp,Darkness - lights lit,Normal,Collision with roadside objects,2,1,Going straight,Passenger,Female,18-30,2,Not a Pedestrian,Driving to the left,Slight Injury,23,50
Saturday,18-30,Male,Junior high school,2-5yr,Lorry (11?40Q),Owner,2-5yrs,Residential areas,Undivided Two way,Tangent road with mild grade and flat terrain,No junction,Asphalt roads,Wet or damp,Darkness - lights lit,Normal,Vehicle with vehicle collision,2,1,Going straight,Pedestrian,Male,31-50,3,Not a Pedestrian,Changing lane to the left,Slight Injury,23,50
Tuesday,Unknown,Male,Junior high school,2-5yr,Automobile,Owner,2-5yrs,Office areas,Two-way (divided with broken lines road marking),Tangent road with flat terrain,No junction,Asphalt roads,Dry,Daylight,Normal,Vehicle with vehicle collision,2,1,Going straight,na,na,na,na,Not a Pedestrian,No distancing,Slight Injury,15,20
Tuesday,31-50,Male,High school,1-2yr,Taxi,Owner,, Church areas,One way,Tangent road with flat terrain,No junction,,Dry,Daylight,Normal,Vehicle with vehicle collision,2,1,Going straight,Driver or rider,Male,18-30,3,Not a Pedestrian,No distancing,Slight Injury,15,20
Tuesday,31-50,Male,Junior high school,5-10yr,Other,Owner,,Other,Undivided Two way,Tangent road with flat terrain,Y Shape,Other,Dry,Daylight,Normal,Collision with roadside objects,2,1,Going straight,na,na,na,na,Not a Pedestrian,Changing lane to the right,Serious Injury,14,55
Tuesday,Under 18,Male,Junior high school,Below 1yr,Automobile,Owner,2-5yrs,Other,One way,Tangent road with flat terrain,Y Shape,Asphalt roads,Dry,Daylight,Normal,Collision with roadside objects,2,1,Going straight,Driver or rider,Male,Under 18,3,Not a Pedestrian,Driving under the influence of drugs,Serious Injury,14,55
Tuesday,Over 51,Male,Junior high school,Below 1yr,Automobile,Owner,5-10yrs,Other,Two-way (divided with broken lines road marking),Tangent road with flat terrain,No junction,Asphalt roads,Dry,Darkness - lights unlit,Normal,Vehicle with vehicle collision,2,1,Going straight,Pedestrian,Male,31-50,3,Not a Pedestrian,Changing lane to the right,Serious Injury,19,35
Tuesday,31-50,Male,Elementary school,,Automobile,Owner,,Other,Two-way (divided with broken lines road marking),Tangent road with flat terrain,No junction,Asphalt roads,Dry,Darkness - lights unlit,Normal,Vehicle with vehicle collision,2,1,Reversing,Pedestrian,Female,Over 51,2,Not a Pedestrian,Changing lane to the left,Serious Injury,19,35
Saturday,31-50,Male,Junior high school,Below 1yr,Automobile,Owner,,Office areas,Undivided Two way,Tangent road with flat terrain,Crossing,Asphalt roads,Dry,Daylight,Normal,Collision with roadside objects,2,8,Going straight,Driver or rider,Male,31-50,3,Not a Pedestrian,Moving Backward,Slight Injury,17,35
Saturday,31-50,Male,Junior high school,1-2yr,Public (> 45 seats),Owner,,Office areas,Two-way (divided with solid lines road marking),Tangent road with flat terrain,Crossing,Asphalt roads with some distress,Dry,Daylight,Normal,Collision with roadside objects,2,8,Other,na,na,na,na,Not a Pedestrian,No distancing,Slight Injury,17,35
Saturday,31-50,Male,Elementary school,2-5yr,Lorry (11?40Q),Owner,Unknown,Residential areas,Undivided Two way,Tangent road with flat terrain,Crossing,,Dry,Daylight,Normal,Vehicle with vehicle collision,2,8,,Driver or rider,Male,31-50,3,Not a Pedestrian,Changing lane to the right,Slight Injury,17,35
Saturday,31-50,Male,High school,1-2yr,Lorry (41?100Q),Owner,Unknown,Office areas,One way,Tangent road with flat terrain,Crossing,Asphalt roads,Dry,Daylight,Normal,Vehicle with vehicle collision,2,8,Getting off,Driver or rider,Male,18-30,3,Not a Pedestrian,Moving Backward,Slight Injury,17,35
Saturday,31-50,Male,Junior high school,5-10yr,Lorry (41?100Q),Owner,Unknown,Residential areas,Two-way (divided with broken lines road marking),Tangent road with flat terrain,Crossing,Asphalt roads,Dry,Daylight,Normal,Vehicle with vehicle collision,2,8,Going straight,Pedestrian,Female,Under 18,3,Not a Pedestrian,No distancing,Slight Injury,17,35
Saturday,18-30,Male,Junior high school,Below 1yr,Stationwagen,Owner,Unknown,Office areas,Undivided Two way,Tangent road with flat terrain,Crossing,Asphalt roads,Dry,Daylight,Normal,Collision with roadside objects,2,8,Going straight,na,na,na,na,Not a Pedestrian,Driving to the left,Slight Injury,17,35
Saturday,18-30,Male,High school,Above 10yr,Other,Owner,Unknown,Other,Two-way (divided with broken lines road marking),Tangent road with flat terrain,Crossing,Asphalt roads,Dry,Daylight,Normal,Vehicle with vehicle collision,2,8,Going straight,Driver or rider,Male,18-30,3,Not a Pedestrian,Driving to the left,Slight Injury,17,35
Saturday,18-30,Male,Elementary school,5-10yr,Automobile,Owner,Unknown,Office areas,One way,Tangent road with flat terrain,Crossing,Earth roads,Dry,Daylight,Normal,Vehicle with vehicle collision,2,8,Going straight,Driver or rider,Male,18-30,3,Not a Pedestrian,Moving Backward,Slight Injury,17,35
Thursday,Unknown,Female,Elementary school,Below 1yr,Pick up upto 10Q,Owner,Unknown,School areas,Undivided Two way,Tangent road with flat terrain,Unknown,Asphalt roads,Dry,Daylight,Normal,Vehicle with vehicle collision,2,1,Turnover,na,na,na,na,Not a Pedestrian,Moving Backward,Slight Injury,14,50
Thursday,18-30,Male,Junior high school,5-10yr,Motorcycle,Owner,,Residential areas,One way,Tangent road with flat terrain,Unknown,Asphalt roads,Dry,Daylight,Normal,Rollover,2,1,Entering a junction,na,na,na,na,Not a Pedestrian,Overtaking,Slight Injury,14,50
Tuesday,31-50,Male,Elementary school,5-10yr,Automobile,Owner,,Office areas,Undivided Two way,Tangent road with flat terrain,Unknown,Asphalt roads,Wet or damp,Daylight,Raining,Vehicle with vehicle collision,1,1,Entering a junction,Driver or rider,Male,18-30,3,Not a Pedestrian,Driving carelessly,Slight Injury,16,40
Thursday,18-30,Unknown,Junior high school,2-5yr,Pick up upto 10Q,Owner,Unknown,Residential areas,Undivided Two way,Tangent road with flat terrain,No junction,Asphalt roads,Dry,Daylight,Normal,Vehicle with vehicle collision,1,1,Entering a junction,Passenger,Female,Over 51,3,Not a Pedestrian,Changing lane to the left,Slight Injury,19,5
Thursday,18-30,Male,Junior high school,Above 10yr,Motorcycle,Owner,Unknown,Office areas,Undivided Two way,Tangent road with flat terrain,No junction,Asphalt roads,Dry,Darkness - lights lit,Normal,Collision with pedestrians,1,1,Entering a junction,Driver or rider,Male,18-30,2,Not a Pedestrian,Driving under the influence of drugs,Fatal injury,20,40
Thursday,31-50,Male,Junior high school,5-10yr,Stationwagen,Owner,2-5yrs,Office areas,Two-way (divided with broken lines road marking),Tangent road with flat terrain,Other,Asphalt roads,Dry,Darkness - lights lit,Normal,Vehicle with vehicle collision,2,1,Other,na,na,na,na,Not a Pedestrian,No distancing,Slight Injury,19,55
Thursday,18-30,Male,High school,1-2yr,Lorry (41?100Q),Owner,,Residential areas,Undivided Two way,Tangent road with flat terrain,Other,Asphalt roads,Dry,Darkness - lights lit,Normal,Vehicle with vehicle collision,2,1,Entering a junction,Driver or rider,Male,18-30,3,Not a Pedestrian,Moving Backward,Slight Injury,19,55
Thursday,31-50,Male,Elementary school,5-10yr,Taxi,Owner,Unknown,Other,Two-way (divided with broken lines road marking),Tangent road with flat terrain,No junction,Asphalt roads,Dry,Daylight,Other,Vehicle with vehicle collision,1,1,Turnover,na,na,na,na,Not a Pedestrian,Changing lane to the left,Slight Injury,15,55
Friday,Unknown,Female,Elementary school,2-5yr,Automobile,Owner,Above 10yr, Industrial areas,Undivided Two way,Tangent road with flat terrain,Y Shape,Asphalt roads,Dry,Daylight,Normal,Vehicle with vehicle collision,2,1,Entering a junction,na,na,na,na,Not a Pedestrian,Changing lane to the right,Serious Injury,16,30
Friday,31-50,Male,Junior high school,Below 1yr,Long lorry,Owner,Unknown,Office areas,Two-way (divided with broken lines road marking),Tangent road with flat terrain,Y Shape,Asphalt roads,Dry,Daylight,Normal,Collision with roadside objects,2,1,Entering a junction,Driver or rider,Male,18-30,3,Not a Pedestrian,No distancing,Serious Injury,16,30
Thursday,Unknown,Male,Junior high school,Below 1yr,Automobile,Organization,Unknown,  Recreational areas,Two-way (divided with broken lines road marking),Tangent road with flat terrain,Crossing,Asphalt roads,Dry,Daylight,Normal,Vehicle with vehicle collision,2,1,Entering a junction,Pedestrian,Female,31-50,3,Not a Pedestrian,Driving at high speed,Slight Injury,14,40
Thursday,Over 51,Male,Junior high school,5-10yr,Public (12 seats),Owner,1-2yr,Residential areas,Two-way (divided with broken lines road marking),Tangent road with flat terrain,Crossing,Gravel roads,Dry,Daylight,Normal,Vehicle with vehicle collision,2,1,Entering a junction,na,na,na,na,Not a Pedestrian,Changing lane to the right,Slight Injury,14,40
Thursday,Over 51,Male,Junior high school,5-10yr,Lorry (11?40Q),Owner,Above 10yr,Residential areas,Undivided Two way,Tangent road with flat terrain,No junction,Asphalt roads,Dry,Daylight,Normal,Vehicle with vehicle collision,2,2,Entering a junction,Driver or rider,Male,18-30,3,Not a Pedestrian,No priority to vehicle,Serious Injury,13,50
Thursday,18-30,Male,Elementary school,1-2yr,Pick up upto 10Q,Owner,5-10yrs, Church areas,Undivided Two way,Steep grade downward with mountainous terrain,No junction,Asphalt roads,Dry,Daylight,Normal,Vehicle with vehicle collision,2,2,Other,Driver or rider,Male,18-30,3,Not a Pedestrian,No distancing,Serious Injury,13,50
Monday,31-50,Male,Junior high school,,Lorry (41?100Q),Owner,5-10yrs,Residential areas,Undivided Two way,Tangent road with flat terrain,No junction,Asphalt roads,Dry,Daylight,Normal,Collision with roadside objects,1,1,Going straight,na,na,na,na,Not a Pedestrian,Turnover,Slight Injury,17,20
Sunday,31-50,Male,Elementary school,Above 10yr,Other,Owner,Unknown,,other,Tangent road with flat terrain,No junction,Asphalt roads,Dry,Daylight,Normal,Vehicle with vehicle collision,2,2,Going straight,Driver or rider,Male,31-50,3,Not a Pedestrian,No distancing,Slight Injury,10,40
Sunday,31-50,Male,Junior high school,1-2yr,Automobile,Owner,5-10yrs,Other,Undivided Two way,Tangent road with flat terrain,No junction,Asphalt roads,Dry,Daylight,Normal,Collision with roadside objects,2,2,Other,na,na,na,na,Not a Pedestrian,Changing lane to the right,Slight Injury,10,40
Saturday,31-50,Male,,,Long lorry,Owner,Unknown,Other,Two-way (divided with solid lines road marking),Tangent road with flat terrain,Y Shape,Asphalt roads,Dry,Darkness - lights lit,Normal,Vehicle with vehicle collision,2,1,Going straight,Driver or rider,Male,Under 18,3,Not a Pedestrian,No distancing,Slight Injury,23,35
Saturday,18-30,Male,Junior high school,Above 10yr,Lorry (11?40Q),Owner,Unknown, Church areas,Two-way (divided with solid lines road marking),Tangent road with flat terrain,Y Shape,Asphalt roads,Dry,Darkness - lights lit,Normal,Rollover,2,1,Going straight,na,na,na,na,Not a Pedestrian,Changing lane to the left,Slight Injury,23,35
Wednesday,Over 51,Male,Elementary school,2-5yr,Long lorry,Governmental,,Other,Two-way (divided with solid lines road marking),Tangent road with flat terrain,Y Shape,Asphalt roads,Dry,Darkness - lights lit,Normal,Vehicle with vehicle collision,1,1,Going straight,Driver or rider,Female,31-50,3,Not a Pedestrian,Driving carelessly,Slight Injury,6,0
Thursday,Over 51,Male,Junior high school,5-10yr,Automobile,Owner,Unknown, Church areas,Two-way (divided with solid lines road marking),Tangent road with flat terrain,No junction,Asphalt roads,Dry,Daylight,Normal,Vehicle with vehicle collision,3,1,Going straight,na,na,na,na,Not a Pedestrian,Changing lane to the right,Slight Injury,16,30
Thursday,18-30,Male,Junior high school,Below 1yr,Taxi,Owner,Unknown, Church areas,Two-way (divided with broken lines road marking),Tangent road with flat terrain,No junction,Asphalt roads,Dry,Daylight,Normal,Vehicle with vehicle collision,3,1,Going straight,Driver or rider,Male,Over 51,3,Not a Pedestrian,No priority to vehicle,Slight Injury,16,30
Thursday,31-50,Male,Junior high school,5-10yr,Taxi,Owner,Above 10yr,Other,Undivided Two way,Tangent road with flat terrain,No junction,Asphalt roads,Dry,Daylight,Normal,Vehicle with vehicle collision,3,1,Reversing,na,na,na,na,Not a Pedestrian,No distancing,Slight Injury,16,30
Saturday,31-50,Male,High school,Above 10yr,Long lorry,Governmental,5-10yrs,Other,Undivided Two way,Tangent road with flat terrain,Y Shape,Asphalt roads,Dry,Daylight,Normal,Vehicle with vehicle collision,1,1,Moving Backward,na,na,na,na,Not a Pedestrian,No priority to pedestrian,Slight Injury,11,5
Wednesday,18-30,Male,Junior high school,5-10yr,Lorry (11?40Q),Owner,5-10yrs,School areas,other,Tangent road with flat terrain,Unknown,Asphalt roads,Wet or damp,Daylight,Raining,Collision with pedestrians,2,1,Overtaking,Driver or rider,Male,31-50,3,Not a Pedestrian,No priority to pedestrian,Slight Injury,8,50
Wednesday,18-30,Male,Elementary school,1-2yr,Lorry (11?40Q),Owner,Above 10yr,Residential areas,Undivided Two way,Tangent road with flat terrain,Unknown,Asphalt roads,Wet or damp,Daylight,Raining,Rollover,2,1,Going straight,Driver or rider,Male,31-50,3,Not a Pedestrian,No priority to vehicle,Slight Injury,8,50
Tuesday,31-50,Male,Junior high school,,Long lorry,,1-2yr,Other,Two-way (divided with broken lines road marking),Tangent road with flat terrain,Crossing,Asphalt roads,Wet or damp,Daylight,Raining,Vehicle with vehicle collision,2,3,Going straight,Passenger,Male,18-30,3,Not a Pedestrian,Changing lane to the left,Slight Injury,8,50
Tuesday,31-50,Male,Elementary school,1-2yr,Turbo,Owner,Above 10yr,Office areas,Undivided Two way,Tangent road with flat terrain,Crossing,Asphalt roads,Wet or damp,Daylight,Raining,Rollover,2,3,Going straight,Passenger,Female,18-30,3,Not a Pedestrian,Changing lane to the left,Slight Injury,8,50
Tuesday,31-50,Male,Junior high school,1-2yr,Long lorry,Owner,Above 10yr,Residential areas,Undivided Two way,Tangent road with flat terrain,Crossing,Asphalt roads,Wet or damp,Daylight,Raining,Vehicle with vehicle collision,2,3,Reversing,na,na,na,na,Not a Pedestrian,No distancing,Slight Injury,8,50
Monday,18-30,Male,Above high school,1-2yr,Long lorry,Owner,Above 10yr,Other,One way,Steep grade downward with mountainous terrain,No junction,Asphalt roads,Dry,Darkness - lights lit,Normal,Vehicle with vehicle collision,2,1,Going straight,Driver or rider,Male,31-50,3,Not a Pedestrian,No priority to vehicle,Slight Injury,22,20
Monday,Unknown,Female,Junior high school,5-10yr,Public (13?45 seats),Owner,Above 10yr,Residential areas,Two-way (divided with broken lines road marking),Tangent road with flat terrain,No junction,Asphalt roads,Dry,Darkness - lights lit,Normal,Vehicle with vehicle collision,2,1,Going straight,na,na,na,na,Not a Pedestrian,No distancing,Slight Injury,22,20
Monday,Unknown,Female,Junior high school,5-10yr,Automobile,Owner,5-10yrs,Residential areas,Undivided Two way,Tangent road with flat terrain,Y Shape,Asphalt roads,Dry,Daylight,Normal,Fall from vehicles,1,1,Other,na,na,na,na,Not a Pedestrian,No distancing,Serious Injury,15,0
Saturday,Over 51,Male,Elementary school,5-10yr,Automobile,Owner,,Residential areas,Two-way (divided with broken lines road marking),Tangent road with flat terrain,Y Shape,Asphalt roads,Dry,Daylight,Normal,Vehicle with vehicle collision,2,1,Entering a junction,Driver or rider,Male,18-30,3,Not a Pedestrian,Changing lane to the right,Slight Injury,11,0
Saturday,18-30,Male,High school,Below 1yr,Pick up upto 10Q,Owner,1-2yr,Other,other,Tangent road with flat terrain,Y Shape,Other,Dry,Daylight,Normal,Collision with roadside objects,2,1,Turnover,na,na,na,na,Not a Pedestrian,Changing lane to the left,Slight Injury,11,0
Saturday,18-30,Male,Junior high school,Above 10yr,,Owner,5-10yrs,Other,Undivided Two way,Tangent road with flat terrain,No junction,,Dry,Daylight,Normal,Vehicle with vehicle collision,2,1,Going straight,Passenger,Female,31-50,3,Not a Pedestrian,No distancing,Slight Injury,11,55
Saturday,18-30,Male,Junior high school,5-10yr,Stationwagen,Owner,5-10yrs,Other,One way,Tangent road with flat terrain,No junction,Asphalt roads,Dry,Daylight,Normal,Vehicle with vehicle collision,2,1,Going straight,Passenger,Male,Under 18,3,Not a Pedestrian,Overturning,Slight Injury,11,55
Monday,18-30,Male,Junior high school,Below 1yr,,Owner,1-2yr, Hospital areas,Undivided Two way,Tangent road with flat terrain,Crossing,Asphalt roads,Dry,Darkness - lights lit,Normal,Vehicle with vehicle collision,2,1,Going straight,Pedestrian,Male,18-30,2,Not a Pedestrian,No priority to vehicle,Slight Injury,21,0
Monday,Unknown,Male,Junior high school,Above 10yr,Automobile,Owner,2-5yrs,Residential areas,Undivided Two way,Tangent road with flat terrain,Crossing,Asphalt roads,Dry,Darkness - lights lit,Normal,Collision with pedestrians,2,1,Going straight,Driver or rider,Male,31-50,3,Not a Pedestrian,Moving Backward,Slight Injury,21,0
Wednesday,31-50,Male,Junior high school,5-10yr,Automobile,Owner,5-10yrs,Residential areas,One way,Tangent road with flat terrain,No junction,Asphalt roads,Dry,Daylight,Normal,Vehicle with vehicle collision,1,2,Going straight,na,na,na,na,Not a Pedestrian,Driving under the influence of drugs,Slight Injury,14,25
Wednesday,31-50,Male,Junior high school,Above 10yr,Long lorry,Owner,5-10yrs,Residential areas,Undivided Two way,Tangent road with flat terrain,No junction,Asphalt roads,Dry,Daylight,Normal,Vehicle with vehicle collision,1,2,Going straight,na,na,na,na,Not a Pedestrian,Moving Backward,Slight Injury,14,25
Wednesday,31-50,Male,Junior high school,5-10yr,Public (13?45 seats),Owner,1-2yr,Other,Two-way (divided with broken lines road marking),Tangent road with flat terrain,Other,Asphalt roads,Wet or damp,Daylight,Raining,Vehicle with vehicle collision,2,1,Going straight,Driver or rider,Male,18-30,3,Not a Pedestrian,Changing lane to the right,Slight Injury,8,30
Wednesday,18-30,Male,Junior high school,1-2yr,Public (13?45 seats),Owner,1-2yr,Office areas,Two-way (divided with broken lines road marking),Tangent road with flat terrain,Other,Asphalt roads,Wet or damp,Daylight,Raining,Rollover,2,1,Going straight,Driver or rider,Male,18-30,3,Not a Pedestrian,Overspeed,Slight Injury,8,30
Saturday,18-30,Male,Junior high school,1-2yr,Lorry (11?40Q),Owner,2-5yrs,Other,other,Tangent road with flat terrain,Other,Asphalt roads,Dry,Daylight,Normal,Collision with roadside objects,2,1,Getting off,na,na,na,na,Not a Pedestrian,Driving under the influence of drugs,Serious Injury,14,40