Day_of_week,Age_band_of_driver,Sex_of_driver,Educational_level,Driving_experience,Type_of_vehicle,Owner_of_vehicle,Service_year_of_vehicle,Area_accident_occured,Lanes_or_Medians,Road_allignment,Types_of_Junction,Road_surface_type,Road_surface_conditions,Light_conditions,Weather_conditions,Type_of_collision,Number_of_vehicles_involved,Number_of_casualties,Vehicle_movement,Casualty_class,Sex_of_casualty,Age_band_of_casualty,Casualty_severity,Pedestrian_movement,Cause_of_accident,Accident_severity,Hour,Minute
Saturday,Under 18,Male,Writing & reading,Below 1yr,Other,Owner,2-5yrs,Other,other,Tangent road with flat terrain,Y Shape,Asphalt roads,Wet or damp,Darkness - lights lit,Normal,Rollover,2,1,Going straight,na,na,na,na,Not a Pedestrian,Changing lane to the right,Slight Injury,22,30
Thursday,Under 18,Unknown,Elementary school,1-2yr,Other,Owner,Above 10yr, Church areas,Two-way (divided with broken lines road marking),Steep grade upward with mountainous terrain,Y Shape,Asphalt roads,Wet or damp,Daylight,Windy,Rollover,2,1,,Pedestrian,Female,18-30,3,Not a Pedestrian,Moving Backward,Slight Injury,8,25
Thursday,Under 18,Male,Junior high school,5-10yr,Other,Governmental,1-2yr,Other,Double carriageway (median),Tangent road with flat terrain,Y Shape,Gravel roads,Wet or damp,Daylight,Windy,Collision with pedestrians,2,1,Going straight,Driver or rider,Male,31-50,3,Not a Pedestrian,Driving carelessly,Slight Injury,8,25
Wednesday,Unknown,Female,Elementary school,Above 10yr,Public (13?45 seats),Governmental,Above 10yr,Other,Double carriageway (median),Tangent road with flat terrain,Y Shape,Asphalt roads,Wet or damp,Darkness - lights lit,Windy,Vehicle with vehicle collision,2,1,Going straight,na,na,na,na,Not a Pedestrian,Driving under the influence of drugs,Slight Injury,22,10
Wednesday,18-30,Male,Junior high school,5-10yr,Lorry (41?100Q),Organization,5-10yrs,Office areas,Two-way (divided with broken lines road marking),Gentle horizontal curve,Y Shape,Asphalt roads,Wet or damp,Darkness - lights lit,Windy,Vehicle with vehicle collision,2,1,Going straight,na,na,na,na,Not a Pedestrian,No distancing,Slight Injury,22,10
Thursday,Under 18,Male,Elementary school,2-5yr,Public (12 seats),Organization,Above 10yr,Other,Two-way (divided with broken lines road marking),Tangent road with flat terrain,No junction,Asphalt roads,Wet or damp,Darkness - lights lit,Normal,Vehicle with vehicle collision,2,1,Going straight,Driver or rider,Female,18-30,3,Not a Pedestrian,No distancing,Slight Injury,17,20
Thursday,Over 51,Male,Junior high school,2-5yr,Automobile,Owner,2-5yrs,Other,Two-way (divided with broken lines road marking),Tangent road with flat terrain,No junction,Other,Wet or damp,Darkness - lights lit,Normal,Collision with pedestrians,2,1,Turnover,na,na,na,na,Not a Pedestrian,No priority to vehicle,Slight Injury,17,20
Saturday,Unknown,Male,Junior high school,Above 10yr,Automobile,Governmental,,Residential areas,Two-way (divided with broken lines road marking),Tangent road with flat terrain,Y Shape,Asphalt roads,Wet or damp,Daylight,Normal,Collision with pedestrians,2,1,Turnover,Driver or rider,Male,31-50,3,Not a Pedestrian,Driving to the left,Slight Injury,14,50
Saturday,18-30,Male,Junior high school,2-5yr,Stationwagen,Owner,2-5yrs,Office areas,Two-way (divided with broken lines road marking),Tangent road with flat terrain,Y Shape,Asphalt roads,Wet or damp,Daylight,Normal,Vehicle with vehicle collision,2,1,Going straight,Driver or rider,Male,18-30,3,Not a Pedestrian,No priority to vehicle,Slight Injury,14,50
Tuesday,18-30,Male,Junior high school,Below 1yr,Lorry (41?100Q),Owner,2-5yrs, Church areas,One way,Tangent road with flat terrain,Y Shape,Asphalt roads,Wet or damp,Daylight,Normal,Vehicle with vehicle collision,2,1,Getting off,na,na,na,na,Not a Pedestrian,No priority to vehicle,Slight Injury,10,0
Tuesday,Unknown,Male,Junior high school,2-5yr,Lorry (41?100Q),Owner,1-2yr,,Undivided Two way,Tangent road with flat terrain,Y Shape,Asphalt roads,Wet or damp,Daylight,Normal,Vehicle with vehicle collision,2,1,Getting off,Driver or rider,Male,18-30,3,Not a Pedestrian,No priority to vehicle,Slight Injury,10,0
Saturday,31-50,Male,Junior high school,Above 10yr,Lorry (41?100Q),Owner,Above 10yr,  Market areas,other,Steep grade downward with mountainous terrain,Y Shape,Asphalt roads,Dry,Daylight,Normal,Collision with roadside objects,2,1,Going straight,na,na,na,na,Not a Pedestrian,No distancing,Slight Injury,12,5
Saturday,31-50,Male,Junior high school,2-5yr,Public (> 45 seats),Owner,Above 10yr,Residential areas,,Tangent road with flat terrain,Y Shape,Asphalt roads,Dry,Daylight,Normal,Vehicle with vehicle collision,2,1,Overtaking,Driver or rider,Male,Over 51,3,Not a Pedestrian,Moving Backward,Slight Injury,12,5
Monday,31-50,Male,Elementary school,Above 10yr,Public (12 seats),Owner,5-10yrs,Office areas,Undivided Two way,Tangent road with flat terrain,T Shape,Asphalt roads,Wet or damp,Darkness - lights lit,Other,Collision with roadside objects,1,1,Reversing,na,na,na,na,Not a Pedestrian,Changing lane to the right,Serious Injury,16,30
Saturday,Unknown,Female,Elementary school,Above 10yr,Other,Owner,,  Recreational areas,other,,Crossing,Asphalt roads,Dry,Darkness - lights lit,Normal,Vehicle with vehicle collision,2,1,Going straight,Driver or rider,Male,31-50,2,Not a Pedestrian,Driving carelessly,Slight Injury,21,0
Saturday,31-50,Male,Elementary school,Above 10yr,Public (12 seats),Governmental,,Office areas,other,Tangent road with mild grade and flat terrain,Crossing,Asphalt roads,Dry,Darkness - lights lit,Normal,Vehicle with vehicle collision,2,1,Getting off,na,na,na,na,Not a Pedestrian,Changing lane to the left,Slight Injury,21,0
Sunday,Unknown,Male,Junior high school,Above 10yr,Other,Owner,5-10yrs, Industrial areas,other,Tangent road with flat terrain,No junction,Asphalt roads,Wet or damp,Daylight,Normal,Collision with roadside objects,2,1,Getting off,na,na,na,na,Not a Pedestrian,No distancing,Serious Injury,11,0
Sunday,18-30,Male,Junior high school,Below 1yr,Public (12 seats),,,,,,No junction,Asphalt roads,Wet or damp,Daylight,Normal,Vehicle with vehicle collision,2,1,Reversing,Driver or rider,Male,31-50,3,Not a Pedestrian,Changing lane to the right,Serious Injury,11,0
Friday,Over 51,Male,Elementary school,5-10yr,Stationwagen,Owner,,Residential areas,Undivided Two way,Tangent road with flat terrain,No junction,Asphalt roads,Dry,Daylight,Unknown,Vehicle with vehicle collision,1,1,Turnover,na,na,na,na,Not a Pedestrian,Driving under the influence of drugs,Slight Injury,10,50
Saturday,18-30,Male,Junior high school,2-5yr,Automobile,Governmental,Above 10yr,Residential areas,other,Tangent road with flat terrain,Y Shape,Asphalt roads,Wet or damp,Daylight,Raining,Collision with roadside objects,2,1,Moving Backward,Driver or rider,Male,31-50,3,Not a Pedestrian,No distancing,Slight Injury,15,0
Saturday,31-50,Male,Junior high school,Above 10yr,Lorry (41?100Q),Owner,1-2yr, Industrial areas,other,Tangent road with flat terrain,Y Shape,Asphalt roads,Wet or damp,Daylight,Raining,Collision with roadside objects,2,1,Going straight,na,na,na,na,Not a Pedestrian,Overturning,Slight Injury,15,0
Saturday,Over 51,Male,Junior high school,Below 1yr,Special vehicle,Owner,2-5yrs,Residential areas,Undivided Two way,Tangent road with flat terrain,Y Shape,Gravel roads,Wet or damp,Darkness - lights lit,Normal,Vehicle with vehicle collision,2,1,Going straight,Passenger,Male,18-30,3,Not a Pedestrian,No distancing,Serious Injury,17,35
Saturday,18-30,Male,Junior high school,2-5yr,Lorry (41?100Q),Owner,Unknown,Residential areas,other,Tangent road with flat terrain,Y Shape,Asphalt roads,Wet or damp,Darkness - lights lit,Normal,Vehicle with vehicle collision,2,1,Going straight,Driver or rider,Male,31-50,3,Not a Pedestrian,Changing lane to the right,Serious Injury,17,35
Saturday,18-30,Male,Junior high school,Above 10yr,Lorry (41?100Q),Owner,,Office areas,Undivided Two way,Tangent road with flat terrain,No junction,Asphalt roads,Wet or damp,Darkness - lights lit,Other,Vehicle with vehicle collision,2,1,Going straight,na,na,na,na,Not a Pedestrian,No priority to vehicle,Slight Injury,18,5
Saturday,Under 18,Male,Writing & reading,2-5yr,Public (> 45 seats),Owner,2-5yrs,Office areas,Double carriageway (median),Escarpments,No junction,Asphalt roads,Wet or damp,Darkness - lights lit,Other,Vehicle with vehicle collision,2,1,Reversing,na,na,na,na,Not a Pedestrian,Changing lane to the right,Slight Injury,18,5
Thursday,Unknown,Male,Junior high school,2-5yr,Automobile,Owner,Above 10yr,Office areas,other,Tangent road with flat terrain,No junction,Other,Dry,Daylight,Normal,Vehicle with vehicle collision,1,1,Going straight,Pedestrian,Male,31-50,3,Unknown or other,Changing lane to the left,Slight Injury,13,0
Sunday,Unknown,Female,High school,2-5yr,Automobile,Owner,1-2yr,Office areas,Undivided Two way,Escarpments,No junction,Asphalt roads,Dry,Darkness - lights lit,Cloudy,Vehicle with vehicle collision,1,1,Going straight,Driver or rider,Male,Under 18,3,Not a Pedestrian,No distancing,Slight Injury,18,40
Monday,Under 18,Male,Junior high school,1-2yr,Automobile,Owner,,Office areas,One way,Tangent road with flat terrain,Y Shape,Other,Wet or damp,Darkness - lights lit,Cloudy,Vehicle with vehicle collision,2,1,Going straight,na,na,na,na,Not a Pedestrian,No priority to pedestrian,Slight Injury,1,0
Monday,Unknown,Male,High school,5-10yr,Public (> 45 seats),Owner,,Office areas,Undivided Two way,Tangent road with flat terrain,Y Shape,Asphalt roads,Wet or damp,Darkness - lights lit,Cloudy,Vehicle with vehicle collision,2,1,Going straight,na,na,na,na,Not a Pedestrian,Driving carelessly,Slight Injury,1,0
Monday,Unknown,Male,Elementary school,2-5yr,Lorry (11?40Q),Owner,,Office areas,other,Tangent road with flat terrain,No junction,Asphalt roads,Dry,Daylight,Unknown,Vehicle with vehicle collision,1,1,Getting off,Driver or rider,Male,31-50,3,Not a Pedestrian,No distancing,Slight Injury,11,15
Tuesday,31-50,Male,Junior high school,1-2yr,Pick up upto 10Q,Owner,Above 10yr,Residential areas,other,Tangent road with flat terrain,No junction,Asphalt roads,Dry,Daylight,Normal,Vehicle with vehicle collision,2,2,Going straight,na,na,na,na,Not a Pedestrian,Driving carelessly,Slight Injury,16,15
Tuesday,31-50,Male,Elementary school,1-2yr,Lorry (11?40Q),Owner,5-10yrs,Residential areas,One way,Tangent road with flat terrain,No junction,Asphalt roads,Dry,Daylight,Normal,Vehicle with vehicle collision,2,2,Going straight,Driver or rider,Male,18-30,3,Not a Pedestrian,Driving carelessly,Slight Injury,16,15
Tuesday,Unknown,Male,High school,No Licence,Pick up upto 10Q,Owner,,Other,One way,Tangent road with flat terrain,No junction,Asphalt roads,Dry,Daylight,Normal,Vehicle with vehicle collision,2,2,Going straight,Driver or rider,Female,18-30,3,Not a Pedestrian,Moving Backward,Slight Injury,16,15
Friday,Over 51,Male,Junior high school,5-10yr,Special vehicle,Owner,5-10yrs, Church areas,Undivided Two way,Tangent road with flat terrain,No junction,Asphalt roads,Dry,Daylight,Normal,Vehicle with vehicle collision,1,1,Going straight,na,na,na,na,Not a Pedestrian,Overtaking,Slight Injury,10,0
Wednesday,Over 51,Male,Junior high school,1-2yr,Lorry (11?40Q),Owner,,  Recreational areas,other,Tangent road with flat terrain,Crossing,Asphalt roads,Dry,Daylight,Normal,Vehicle with vehicle collision,1,1,Reversing,Passenger,Female,31-50,3,Not a Pedestrian,No priority to vehicle,Slight Injury,15,30
Wednesday,Unknown,Unknown,Junior high school,2-5yr,,Owner,, Industrial areas,Undivided Two way,Tangent road with flat terrain,Other,Asphalt roads,Dry,Daylight,Normal,Vehicle with vehicle collision,2,2,Moving Backward,na,na,na,na,Not a Pedestrian,No priority to vehicle,Slight Injury,15,50
Wednesday,31-50,Male,Junior high school,5-10yr,,,,Residential areas,other,,Other,Asphalt roads,Dry,Daylight,Normal,Vehicle with vehicle collision,2,2,Going straight,Pedestrian,Female,Over 51,3,Not a Pedestrian,Changing lane to the left,Slight Injury,15,50
Wednesday,31-50,Male,,,Lorry (41?100Q),Owner,Above 10yr,Residential areas,other,Tangent road with rolling terrain,Other,Asphalt roads,Dry,Daylight,Normal,Vehicle with vehicle collision,2,2,Going straight,na,na,na,na,Not a Pedestrian,No priority to vehicle,Slight Injury,15,50
Friday,31-50,Male,,,Other,Owner,2-5yrs,Office areas,Double carriageway (median),Tangent road with flat terrain,Y Shape,Asphalt roads,Wet or damp,Daylight,Normal,Vehicle with vehicle collision,2,1,Going straight,Driver or rider,Male,31-50,3,Not a Pedestrian,No distancing,Slight Injury,8,55
Friday,Under 18,Male,Junior high school,2-5yr,Other,Owner,2-5yrs,  Market areas,Undivided Two way,Tangent road with flat terrain,Y Shape,Asphalt roads,Wet or damp,Daylight,Normal,Collision with roadside objects,2,1,Going straight,na,na,na,na,Not a Pedestrian,Moving Backward,Slight Injury,8,55
Monday,18-30,Male,Junior high school,Above 10yr,Automobile,,,Unknown,other,Tangent road with flat terrain,Y Shape,Asphalt roads,Wet or damp,Daylight,Normal,Vehicle with vehicle collision,2,1,Going straight,Driver or rider,Male,18-30,3,Not a Pedestrian,Changing lane to the right,Slight Injury,8,55
Monday,18-30,Male,Junior high school,Above 10yr,Other,Owner,, Industrial areas,other,Tangent road with flat terrain,Y Shape,Asphalt roads,Wet or damp,Daylight,Normal,Collision with pedestrians,2,1,Going straight,Driver or rider,Female,Over 51,3,Not a Pedestrian,No distancing,Slight Injury,8,55
Thursday,31-50,Male,,,Automobile,Owner,,Residential areas,Two-way (divided with solid lines road marking),Tangent road with flat terrain,Other,Asphalt roads,Wet or damp,Darkness - lights lit,Other,Vehicle with vehicle collision,2,1,Turnover,na,na,na,na,Not a Pedestrian,Overtaking,Slight Injury,17,10
Thursday,Under 18,Male,Elementary school,Above 10yr,Public (13?45 seats),Governmental,Below 1yr,Residential areas,Undivided Two way,Tangent road with flat terrain,Other,Asphalt roads,Wet or damp,Darkness - lights lit,Other,Collision with roadside objects,2,1,Going straight,na,na,na,na,Not a Pedestrian,No distancing,Slight Injury,17,10
Sunday,Unknown,Female,,,Lorry (41?100Q),Owner,5-10yrs,Other,Undivided Two way,Tangent road with flat terrain,No junction,Asphalt roads,Dry,Daylight,Unknown,Vehicle with vehicle collision,2,1,Other,Driver or rider,Male,31-50,2,Not a Pedestrian,Changing lane to the left,Slight Injury,18,10
Sunday,31-50,Male,Junior high school,5-10yr,,Governmental,,Residential areas,other,Tangent road with flat terrain,No junction,Asphalt roads,Dry,Daylight,Unknown,Vehicle with vehicle collision,2,1,Going straight,na,na,na,na,Not a Pedestrian,Driving under the influence of drugs,Slight Injury,18,10
Tuesday,18-30,Male,Junior high school,Above 10yr,Automobile,Owner,1-2yr,Rural village areas,Undivided Two way,Gentle horizontal curve,Unknown,Asphalt roads,Dry,Darkness - lights lit,Normal,Vehicle with vehicle collision,2,1,Going straight,Driver or rider,Male,18-30,3,Not a Pedestrian,No distancing,Slight Injury,6,0
Tuesday,18-30,Male,High school,Above 10yr,,Owner,2-5yrs,Rural village areas,Undivided Two way,Gentle horizontal curve,Unknown,Asphalt roads,Dry,Darkness - lights lit,Normal,Vehicle with vehicle collision,2,1,Going straight,Driver or rider,Male,Over 51,3,Not a Pedestrian,No distancing,Slight Injury,6,0
Monday,18-30,Male,,,Lorry (41?100Q),Owner,,Office areas,Double carriageway (median),Tangent road with flat terrain,Y Shape,Asphalt roads,Dry,Daylight,Normal,Vehicle with vehicle collision,1,1,Going straight,na,na,na,na,Not a Pedestrian,Changing lane to the right,Slight Injury,15,25
Thursday,18-30,Male,Elementary school,5-10yr,,Owner,2-5yrs,Residential areas,Undivided Two way,Gentle horizontal curve,No junction,Earth roads,Snow,Daylight,Fog or mist,Rollover,1,1,Going straight,na,na,na,na,Not a Pedestrian,Changing lane to the left,Slight Injury,9,5
Saturday,Unknown,Male,Elementary school,Above 10yr,Lorry (41?100Q),Owner,,Residential areas,other,Tangent road with flat terrain,No junction,Asphalt roads,Wet or damp,Darkness - lights lit,Other,Collision with roadside objects,2,1,Moving Backward,Driver or rider,Female,18-30,3,Not a Pedestrian,Moving Backward,Slight Injury,4,0
Saturday,18-30,Male,Junior high school,Below 1yr,Taxi,Owner,, Outside rural areas,other,Tangent road with flat terrain,No junction,Asphalt roads,Wet or damp,Darkness - lights lit,Other,Vehicle with vehicle collision,2,1,Moving Backward,na,na,na,na,Not a Pedestrian,No distancing,Slight Injury,4,0
Tuesday,18-30,Male,Junior high school,2-5yr,Lorry (41?100Q),Owner,Above 10yr,Residential areas,other,Tangent road with flat terrain,Y Shape,Asphalt roads,Dry,Daylight,Normal,Vehicle with vehicle collision,1,1,Moving Backward,Driver or rider,Male,18-30,3,Not a Pedestrian,No distancing,Slight Injury,11,30
Tuesday,Over 51,Male,Junior high school,2-5yr,Lorry (41?100Q),Owner,5-10yrs, Church areas,other,Tangent road with flat terrain,Crossing,Asphalt roads,Wet or damp,Daylight,Normal,Collision with roadside objects,2,1,Other,Driver or rider,Male,18-30,3,Not a Pedestrian,Driving carelessly,Slight Injury,9,25
Tuesday,18-30,Male,High school,5-10yr,Other,Owner,,Office areas,Undivided Two way,Tangent road with flat terrain,Crossing,Asphalt roads,Wet or damp,Daylight,Normal,Vehicle with vehicle collision,2,1,Going straight,na,na,na,na,Not a Pedestrian,Moving Backward,Slight Injury,9,25
Monday,18-30,Male,Junior high school,,Stationwagen,Owner,Unknown,Office areas,Two-way (divided with broken lines road marking),Tangent road with mountainous terrain and,No junction,Asphalt roads,Dry,Daylight,Other,Vehicle with vehicle collision,2,1,Unknown,na,na,na,na,Not a Pedestrian,No distancing,Serious Injury,6,45
Monday,18-30,Male,,Below 1yr,Stationwagen,Governmental,,Office areas,Two-way (divided with broken lines road marking),Escarpments,No junction,Asphalt roads,Dry,Daylight,Other,Vehicle with vehicle collision,2,1,Turnover,Driver or rider,Male,18-30,3,Not a Pedestrian,Changing lane to the right,Serious Injury,6,45
Monday,Unknown,Male,Elementary school,Above 10yr,Lorry (41?100Q),Owner,2-5yrs,Other,Undivided Two way,Tangent road with mountainous terrain and,Y Shape,Asphalt roads,Dry,Darkness - lights lit,Normal,Vehicle with vehicle collision,2,1,Getting off,Driver or rider,Male,5,3,Not a Pedestrian,Driving carelessly,Slight Injury,18,0
Monday,18-30,Male,Elementary school,Below 1yr,Lorry (41?100Q),Owner,2-5yrs,Other,Undivided Two way,Tangent road with flat terrain,Y Shape,Asphalt roads,Dry,Darkness - lights lit,Normal,Vehicle with vehicle collision,2,1,Going straight,Passenger,Male,18-30,3,Not a Pedestrian,Driving to the left,Slight Injury,18,0
Friday,Unknown,Male,Junior high school,5-10yr,Other,Owner,Unknown,Residential areas,Two-way (divided with broken lines road marking),Tangent road with flat terrain,No junction,Asphalt roads,Wet or damp,Daylight,Normal,Vehicle with vehicle collision,2,2,Going straight,Passenger,Male,Under 18,3,Not a Pedestrian,Changing lane to the right,Slight Injury,8,15
Friday,Under 18,Male,Junior high school,5-10yr,Automobile,Owner,,Other,Two-way (divided with broken lines road marking),Tangent road with flat terrain,No junction,Gravel roads,Wet or damp,Daylight,Normal,Collision with pedestrians,2,2,Going straight,na,na,na,na,Not a Pedestrian,Driving carelessly,Slight Injury,8,15
Friday,Under 18,Male,,,,Owner,Below 1yr,Other,Undivided Two way,Tangent road with mild grade and flat terrain,No junction,Asphalt roads,Wet or damp,Daylight,Normal,Vehicle with vehicle collision,2,2,Turnover,Passenger,Female,Over 51,3,Not a Pedestrian,Changing lane to the right,Slight Injury,8,15
Monday,31-50,Male,Junior high school,1-2yr,Taxi,Owner,5-10yrs,Other,Two-way (divided with broken lines road marking),Tangent road with flat terrain,Other,Earth roads,Dry,Daylight,Normal,Collision with roadside objects,1,1,Reversing,Pedestrian,Female,18-30,3,Unknown or other,No priority to vehicle,Slight Injury,10,0
Saturday,Over 51,Male,High school,5-10yr,Lorry (41?100Q),Governmental,5-10yrs,Other,Undivided Two way,Tangent road with flat terrain,Y Shape,Asphalt roads,Dry,Darkness - lights lit,Normal,Vehicle with vehicle collision,2,1,Moving Backward,Driver or rider,Male,18-30,3,Not a Pedestrian,Changing lane to the right,Slight Injury,16,45
Saturday,18-30,Male,Junior high school,5-10yr,Other,Owner,2-5yrs,Other,Double carriageway (median),Tangent road with mild grade and flat terrain,Y Shape,Asphalt roads,Dry,Darkness - lights lit,Normal,Vehicle with vehicle collision,2,1,Other,na,na,na,na,Not a Pedestrian,Turnover,Slight Injury,16,45
Sunday,31-50,Male,Junior high school,5-10yr,Automobile,Owner,,Other,Two-way (divided with broken lines road marking),Tangent road with flat terrain,Y Shape,Asphalt roads,Wet or damp,Darkness - lights lit,Raining and Windy,Vehicle with vehicle collision,1,2,Going straight,Driver or rider,Male,31-50,3,Not a Pedestrian,No priority to vehicle,Slight Injury,6,25
Sunday,31-50,Male,Junior high school,5-10yr,Public (> 45 seats),Owner,2-5yrs, Church areas,Two-way (divided with broken lines road marking),Tangent road with flat terrain,Y Shape,Earth roads,Wet or damp,Darkness - lights lit,Raining and Windy,Vehicle with vehicle collision,1,2,Going straight,Passenger,Female,Under 18,3,Not a Pedestrian,Driving at high speed,Slight Injury,6,25
Monday,31-50,Male,Junior high school,Above 10yr,Stationwagen,Owner,5-10yrs,Other,Undivided Two way,Tangent road with flat terrain,Other,Asphalt roads,Wet or damp,Darkness - lights lit,Normal,Vehicle with vehicle collision,1,1,Going straight,Driver or rider,Female,Over 51,3,Not a Pedestrian,No distancing,Slight Injury,7,30
Wednesday,18-30,Male,Junior high school,5-10yr,Automobile,Organization,2-5yrs, Industrial areas,Two-way (divided with broken lines road marking),Tangent road with flat terrain,Other,Asphalt roads,Dry,Daylight,Unknown,Vehicle with vehicle collision,1,1,Going straight,Passenger,Female,18-30,3,Not a Pedestrian,No distancing,Slight Injury,12,30
Wednesday,31-50,Male,Junior high school,No Licence,Lorry (41?100Q),Owner,,Residential areas,Double carriageway (median),Tangent road with flat terrain,Crossing,Asphalt roads,Dry,Daylight,Normal,Vehicle with vehicle collision,2,1,Going straight,Driver or rider,Male,18-30,3,Not a Pedestrian,Driving carelessly,Slight Injury,14,30
Wednesday,Over 51,Male,Above high school,Below 1yr,Other,Governmental,Above 10yr,Other,Two-way (divided with broken lines road marking),Tangent road with flat terrain,Crossing,Asphalt roads,Dry,Daylight,Normal,Vehicle with vehicle collision,2,1,Going straight,na,na,na,na,Not a Pedestrian,Driving carelessly,Slight Injury,14,30
Tuesday,Unknown,Male,Elementary school,5-10yr,Public (13?45 seats),Owner,,Office areas,Two-way (divided with broken lines road marking),Tangent road with flat terrain,Y Shape,Asphalt roads,Dry,Daylight,Other,Vehicle with vehicle collision,1,1,Going straight,Driver or rider,Male,18-30,3,Not a Pedestrian,Moving Backward,Slight Injury,16,15
Sunday,31-50,Male,Elementary school,5-10yr,Other,Owner,, Industrial areas,Unknown,Tangent road with flat terrain,No junction,Asphalt roads,Wet or damp,Daylight,Other,Collision with roadside objects,2,1,Going straight,na,na,na,na,Not a Pedestrian,No distancing,Slight Injury,12,25
Sunday,Unknown,Female,Junior high school,5-10yr,Other,Owner,1-2yr, Industrial areas,Double carriageway (median),Tangent road with flat terrain,No junction,Asphalt roads,Wet or damp,Daylight,Other,Vehicle with vehicle collision,2,1,Going straight,Driver or rider,Male,18-30,3,Not a Pedestrian,Changing lane to the right,Slight Injury,12,25
Tuesday,Unknown,Male,High school,5-10yr,Ridden horse,Owner,,Other,Two-way (divided with broken lines road marking),Tangent road with flat terrain,Y Shape,Asphalt roads,Dry,Daylight,Normal,Collision with roadside objects,1,1,Other,na,na,na,na,Not a Pedestrian,Overtaking,Slight Injury,10,30
Friday,Unknown,Male,Junior high school,5-10yr,Lorry (41?100Q),Organization,Above 10yr, Hospital areas,Two-way (divided with broken lines road marking),Tangent road with flat terrain,Y Shape,Asphalt roads,Dry,Darkness - lights lit,Normal,Vehicle with vehicle collision,2,2,Moving Backward,na,na,na,na,Not a Pedestrian,No distancing,Slight Injury,20,35
Friday,31-50,Male,Junior high school,2-5yr,Lorry (41?100Q),Owner,Unknown,Office areas,One way,Tangent road with flat terrain,Y Shape,Asphalt roads,Dry,Darkness - lights lit,Normal,Vehicle with vehicle collision,2,2,Going straight,Driver or rider,Male,31-50,3,Not a Pedestrian,Overtaking,Slight Injury,20,35
Friday,31-50,Male,Writing & reading,5-10yr,Pick up upto 10Q,Owner,2-5yrs, Church areas,Undivided Two way,Tangent road with flat terrain,Y Shape,Asphalt roads,Dry,Darkness - lights lit,Normal,,2,2,Moving Backward,na,na,na,na,Not a Pedestrian,Moving Backward,Slight Injury,20,35
Friday,Unknown,Male,Junior high school,Above 10yr,Lorry (11?40Q),Organization,5-10yrs, Hospital areas,Undivided Two way,Tangent road with mountainous terrain and,Y Shape,Asphalt roads,Wet or damp,Daylight,Raining,Collision with pedestrians,1,1,Going straight,Driver or rider,Male,31-50,3,Not a Pedestrian,No distancing,Slight Injury,14,25
Wednesday,31-50,Male,Junior high school,1-2yr,Automobile,Owner,Above 10yr,Office areas,other,Tangent road with flat terrain,No junction,Asphalt roads,Dry,Daylight,Normal,Vehicle with vehicle collision,1,2,Moving Backward,na,na,na,na,Not a Pedestrian,No distancing,Slight Injury,11,5
Wednesday,31-50,Male,Writing & reading,Below 1yr,Automobile,Owner,2-5yrs,Other,Two-way (divided with broken lines road marking),Escarpments,No junction,Asphalt roads,Dry,Daylight,Normal,Vehicle with vehicle collision,1,2,,Driver or rider,Male,18-30,3,Not a Pedestrian,No priority to vehicle,Slight Injury,11,5
Saturday,Unknown,Female,Elementary school,1-2yr,Pick up upto 10Q,Owner,1-2yr,Office areas,Undivided Two way,Tangent road with flat terrain,No junction,Asphalt roads,Dry,Daylight,Normal,Vehicle with vehicle collision,1,1,Going straight,Driver or rider,Male,18-30,3,Not a Pedestrian,No priority to vehicle,Slight Injury,15,20
Friday,18-30,Male,Junior high school,5-10yr,Automobile,Owner,2-5yrs,Office areas,Two-way (divided with broken lines road marking),Tangent road with mountainous terrain and,No junction,Asphalt roads,Dry,Daylight,Normal,Collision with pedestrians,1,1,Going straight,na,na,na,na,Not a Pedestrian,Changing lane to the left,Serious Injury,19,0
Friday,18-30,Male,Junior high school,1-2yr,Other,Owner,,Other,Double carriageway (median),Steep grade downward with mountainous terrain,No junction,Asphalt roads,Wet or damp,Daylight,Normal,Collision with roadside objects,2,1,Going straight,Driver or rider,Male,31-50,2,Not a Pedestrian,No distancing,Slight Injury,8,55
Friday,31-50,Male,Elementary school,5-10yr,Lorry (41?100Q),Owner,1-2yr,Office areas,Undivided Two way,Tangent road with mild grade and flat terrain,No junction,Asphalt roads,Wet or damp,Daylight,Normal,,2,1,Going straight,na,na,na,na,Not a Pedestrian,Driving under the influence of drugs,Slight Injury,8,55
Wednesday,Unknown,Female,Junior high school,2-5yr,Public (13?45 seats),Owner,,Residential areas,Undivided Two way,Tangent road with flat terrain,Y Shape,Asphalt roads,Dry,Daylight,Normal,Vehicle with vehicle collision,1,1,Other,na,na,na,na,Not a Pedestrian,Changing lane to the left,Slight Injury,12,0
Monday,31-50,Male,Junior high school,Below 1yr,Pick up upto 10Q,Owner,Unknown,Other,Two-way (divided with broken lines road marking),Tangent road with flat terrain,Y Shape,Asphalt roads,Dry,Daylight,Normal,,2,1,Going straight,Driver or rider,Male,31-50,3,Not a Pedestrian,Changing lane to the right,Slight Injury,8,35
Monday,Under 18,Male,Writing & reading,5-10yr,Stationwagen,Owner,2-5yrs,Office areas,Double carriageway (median),Tangent road with flat terrain,Y Shape,Earth roads,Dry,Daylight,Normal,,2,1,Moving Backward,na,na,na,na,Not a Pedestrian,Driving to the left,Slight Injury,8,35
Tuesday,Under 18,Male,Writing & reading,5-10yr,Other,Owner,5-10yrs,Office areas,Undivided Two way,Tangent road with mountainous terrain and,Y Shape,Asphalt roads,Dry,Darkness - lights lit,Normal,,2,1,Moving Backward,Driver or rider,Female,18-30,3,Not a Pedestrian,Driving at high speed,Serious Injury,22,35