Day_of_week,Age_band_of_driver,Sex_of_driver,Educational_level,Driving_experience,Type_of_vehicle,Owner_of_vehicle,Service_year_of_vehicle,Area_accident_occured,Lanes_or_Medians,Road_allignment,Types_of_Junction,Road_surface_type,Road_surface_conditions,Light_conditions,Weather_conditions,Type_of_collision,Number_of_vehicles_involved,Number_of_casualties,Vehicle_movement,Casualty_class,Sex_of_casualty,Age_band_of_casualty,Casualty_severity,Pedestrian_movement,Cause_of_accident,Accident_severity,Hour,Minute
Thursday,Under 18,Male,Junior high school,2-5yr,Public (13?45 seats),Owner,,Other,Double carriageway (median),Tangent road with flat terrain,Y Shape,Gravel roads,Wet or damp,Darkness - lights lit,Raining,Vehicle with vehicle collision,2,5,Going straight,na,na,na,na,Not a Pedestrian,Driving carelessly,Slight Injury,20,40
Thursday,18-30,Male,Junior high school,1-2yr,,Governmental,Unknown,Other,Two-way (divided with broken lines road marking),Tangent road with flat terrain,Y Shape,Asphalt roads,Wet or damp,Darkness - lights lit,Raining,Collision with roadside objects,2,5,Going straight,Pedestrian,Female,Under 18,3,Not a Pedestrian,Changing lane to the left,Slight Injury,20,40
Thursday,18-30,Male,,,Lorry (41?100Q),Owner,,Office areas,,Tangent road with flat terrain,Y Shape,Asphalt roads,Wet or damp,Darkness - lights lit,Raining,Vehicle with vehicle collision,2,5,Going straight,Pedestrian,Female,Under 18,3,Not a Pedestrian,Driving carelessly,Slight Injury,20,40
Friday,18-30,Male,Elementary school,5-10yr,Lorry (41?100Q),Owner,,Office areas,,Tangent road with flat terrain,No junction,Asphalt roads,Dry,Daylight,Unknown,Collision with pedestrians,2,1,Going straight,na,na,na,na,Not a Pedestrian,Changing lane to the left,Slight Injury,15,20
Friday,31-50,Male,Junior high school,5-10yr,Public (12 seats),Owner,,Office areas,Two-way (divided with broken lines road marking),Tangent road with flat terrain,No junction,Asphalt roads,Dry,Daylight,Unknown,Collision with roadside objects,2,1,Going straight,Driver or rider,Male,31-50,3,Not a Pedestrian,No priority to vehicle,Slight Injury,15,20
Tuesday,Unknown,Female,Junior high school,Above 10yr,Lorry (41?100Q),Governmental,,Office areas,Two-way (divided with broken lines road marking),Tangent road with flat terrain,No junction,Asphalt roads,Dry,Daylight,Normal,Collision with roadside objects,4,1,Going straight,Pedestrian,Male,Under 18,3,Not a Pedestrian,No distancing,Slight Injury,14,40
Tuesday,Unknown,Female,Junior high school,2-5yr,Lorry (41?100Q),Owner,2-5yrs, Church areas,Undivided Two way,Tangent road with flat terrain,No junction,Asphalt roads,Dry,Daylight,Normal,Vehicle with vehicle collision,4,1,,na,na,na,na,Not a Pedestrian,Changing lane to the right,Slight Injury,14,40
Tuesday,18-30,Male,Junior high school,Above 10yr,Public (12 seats),Governmental,,Office areas,Two-way (divided with broken lines road marking),Tangent road with flat terrain,No junction,Asphalt roads,Dry,Daylight,Normal,Rollover,4,1,Going straight,Driver or rider,Male,18-30,3,Not a Pedestrian,Changing lane to the right,Slight Injury,14,40
Tuesday,31-50,Male,Junior high school,2-5yr,Public (> 45 seats),Governmental,Unknown,Residential areas,Two-way (divided with broken lines road marking),Tangent road with flat terrain,No junction,Asphalt roads,Dry,Daylight,Normal,Vehicle with vehicle collision,4,1,Going straight,Pedestrian,Male,5,3,Not a Pedestrian,Driving at high speed,Slight Injury,14,40
Wednesday,Over 51,Male,Elementary school,5-10yr,Automobile,Owner,,School areas,Two-way (divided with broken lines road marking),Tangent road with flat terrain,Y Shape,Asphalt roads,Dry,Daylight,Unknown,Vehicle with vehicle collision,2,1,Going straight,Driver or rider,Female,31-50,3,Not a Pedestrian,No distancing,Slight Injury,12,0
Wednesday,Unknown,Male,Elementary school,5-10yr,Pick up upto 10Q,Owner,Unknown,Office areas,Undivided Two way,Tangent road with flat terrain,Y Shape,Asphalt roads with some distress,Dry,Daylight,Unknown,Vehicle with vehicle collision,2,1,Going straight,na,na,na,na,Not a Pedestrian,Changing lane to the right,Slight Injury,12,0
Friday,31-50,Male,Junior high school,5-10yr,Stationwagen,Owner,5-10yrs,Other,Undivided Two way,Tangent road with flat terrain,Crossing,Asphalt roads,Dry,Daylight,Normal,Vehicle with vehicle collision,2,1,Turnover,Pedestrian,Female,18-30,3,Not a Pedestrian,Changing lane to the left,Slight Injury,16,15
Friday,18-30,Male,Junior high school,5-10yr,Other,Owner,,Other,Double carriageway (median),Tangent road with flat terrain,Crossing,Asphalt roads,Dry,Daylight,Normal,Vehicle with vehicle collision,2,1,Moving Backward,Driver or rider,Male,31-50,3,Not a Pedestrian,Getting off the vehicle improperly,Slight Injury,16,15
Wednesday,31-50,Male,Elementary school,Above 10yr,,Governmental,,Other,Double carriageway (median),Tangent road with flat terrain,Other,Asphalt roads,Dry,Daylight,Normal,Vehicle with vehicle collision,1,1,Going straight,na,na,na,na,Not a Pedestrian,Other,Slight Injury,10,30
Saturday,Unknown,Male,Junior high school,Below 1yr,Automobile,Owner,5-10yrs,Other,Two-way (divided with broken lines road marking),Tangent road with flat terrain,No junction,Asphalt roads,Dry,Darkness - lights lit,Normal,Vehicle with vehicle collision,2,2,Going straight,na,na,na,na,Not a Pedestrian,Other,Slight Injury,0,30
Saturday,31-50,Male,Junior high school,5-10yr,Stationwagen,Owner,Unknown,Office areas,Double carriageway (median),Tangent road with mild grade and flat terrain,No junction,Asphalt roads,Dry,Darkness - lights lit,Normal,Vehicle with vehicle collision,2,2,Moving Backward,Driver or rider,Male,18-30,3,Not a Pedestrian,No distancing,Slight Injury,0,30
Saturday,31-50,Male,Elementary school,1-2yr,Pick up upto 10Q,Owner,,Office areas,Two-way (divided with broken lines road marking),Tangent road with flat terrain,No junction,Asphalt roads,Dry,Darkness - lights lit,Normal,Collision with roadside objects,2,2,Going straight,na,na,na,na,Not a Pedestrian,No priority to vehicle,Slight Injury,0,30
Friday,18-30,Male,,,Lorry (41?100Q),Owner,,Office areas,,Tangent road with mild grade and flat terrain,No junction,Asphalt roads,Wet or damp,Daylight,Raining,Vehicle with vehicle collision,3,1,Moving Backward,Driver or rider,Male,18-30,3,Not a Pedestrian,Overtaking,Slight Injury,18,50
Friday,31-50,Male,Junior high school,Above 10yr,Automobile,Owner,,Office areas,,Tangent road with mild grade and flat terrain,No junction,Asphalt roads,Wet or damp,Daylight,Raining,Vehicle with vehicle collision,3,1,Going straight,na,na,na,na,Not a Pedestrian,No priority to pedestrian,Slight Injury,18,50
Friday,31-50,Male,High school,2-5yr,,Owner,,Office areas,One way,Tangent road with flat terrain,No junction,Asphalt roads,Wet or damp,Daylight,Raining,Vehicle with vehicle collision,3,1,Going straight,Driver or rider,Male,18-30,3,Not a Pedestrian,No distancing,Slight Injury,18,50
Thursday,31-50,Male,Junior high school,1-2yr,Lorry (41?100Q),,,Office areas,Two-way (divided with broken lines road marking),Tangent road with flat terrain,Y Shape,Asphalt roads,Dry,Daylight,Normal,Vehicle with vehicle collision,2,2,Going straight,Driver or rider,Male,31-50,3,Not a Pedestrian,Changing lane to the right,Slight Injury,17,40
Thursday,Under 18,Male,Junior high school,1-2yr,Lorry (41?100Q),Owner,,Office areas,,Tangent road with flat terrain,Y Shape,Asphalt roads,Dry,Daylight,Normal,Collision with pedestrians,2,2,Other,na,na,na,na,Not a Pedestrian,Driving carelessly,Slight Injury,17,40
Friday,Unknown,Male,Above high school,2-5yr,Lorry (41?100Q),Owner,5-10yrs,Other,Undivided Two way,Tangent road with flat terrain,Y Shape,Asphalt roads,Dry,Daylight,Normal,Vehicle with vehicle collision,3,1,Other,Driver or rider,Male,Under 18,3,Not a Pedestrian,Changing lane to the right,Slight Injury,13,0
Friday,Unknown,Male,,,Pick up upto 10Q,Owner,,Other,Two-way (divided with broken lines road marking),Tangent road with flat terrain,Y Shape,Asphalt roads,Dry,Daylight,Normal,Vehicle with vehicle collision,3,1,Going straight,na,na,na,na,Not a Pedestrian,Overtaking,Slight Injury,13,0
Friday,18-30,Male,Elementary school,2-5yr,Pick up upto 10Q,,2-5yrs,Residential areas,Two-way (divided with broken lines road marking),Tangent road with flat terrain,Y Shape,Asphalt roads,Dry,Daylight,Normal,Vehicle with vehicle collision,3,1,Reversing,Driver or rider,Male,31-50,3,Not a Pedestrian,Other,Slight Injury,13,0
Friday,Unknown,Male,Junior high school,1-2yr,Automobile,Owner,,Other,Two-way (divided with broken lines road marking),Tangent road with flat terrain,Y Shape,Asphalt roads,Dry,Daylight,Normal,Vehicle with vehicle collision,1,1,Going straight,na,na,na,na,Not a Pedestrian,Driving to the left,Slight Injury,16,15
Wednesday,Unknown,Male,,5-10yr,Other,Owner,5-10yrs,Other,Two-way (divided with broken lines road marking),Tangent road with flat terrain,No junction,Asphalt roads,Dry,Daylight,Unknown,Vehicle with vehicle collision,2,1,Going straight,Driver or rider,Male,Over 51,3,Not a Pedestrian,Driving at high speed,Slight Injury,11,55
Wednesday,Under 18,Male,Junior high school,Below 1yr,,Governmental,,Other,Two-way (divided with broken lines road marking),Tangent road with flat terrain,No junction,Asphalt roads,Dry,Daylight,Unknown,Vehicle with vehicle collision,2,1,Going straight,na,na,na,na,Not a Pedestrian,Unknown,Slight Injury,11,55
Wednesday,Unknown,Female,Junior high school,2-5yr,Automobile,Owner,5-10yrs,Other,Undivided Two way,Tangent road with flat terrain,No junction,Asphalt roads,Dry,Daylight,Normal,Collision with roadside objects,2,1,Going straight,na,na,na,na,Not a Pedestrian,Changing lane to the right,Slight Injury,10,40
Wednesday,31-50,Male,Junior high school,5-10yr,Motorcycle,Owner,, Industrial areas,Undivided Two way,Tangent road with flat terrain,No junction,Asphalt roads,Dry,Daylight,Normal,Vehicle with vehicle collision,2,1,Moving Backward,Driver or rider,Male,31-50,2,Not a Pedestrian,No distancing,Slight Injury,10,40
Sunday,Unknown,Female,Junior high school,Above 10yr,Automobile,Owner,5-10yrs, Industrial areas,Undivided Two way,Tangent road with flat terrain,Y Shape,Asphalt roads,Dry,Darkness - lights lit,Normal,Vehicle with vehicle collision,3,1,Going straight,Pedestrian,Male,18-30,3,Crossing from nearside - masked by parked or statioNot a Pedestrianry vehicle,Other,Slight Injury,0,15
Sunday,Unknown,Female,Elementary school,2-5yr,Automobile,Owner,, Church areas,Double carriageway (median),Tangent road with flat terrain,Y Shape,Asphalt roads,Dry,Darkness - lights lit,Normal,Vehicle with vehicle collision,3,1,Going straight,Pedestrian,Female,18-30,3,Crossing from driver's nearside,No priority to vehicle,Slight Injury,0,15
Sunday,Over 51,Male,Elementary school,Above 10yr,Public (12 seats),Owner,,Other,Undivided Two way,Tangent road with flat terrain,Y Shape,Asphalt roads,Dry,Darkness - lights lit,Normal,Vehicle with vehicle collision,3,1,Going straight,Driver or rider,Male,18-30,3,Not a Pedestrian,Changing lane to the left,Slight Injury,0,15
Saturday,18-30,Male,Junior high school,1-2yr,Automobile,Owner,Above 10yr,Other,Undivided Two way,Tangent road with flat terrain,Y Shape,Asphalt roads,Dry,Daylight,Normal,Vehicle with vehicle collision,3,4,Going straight,na,na,na,na,Not a Pedestrian,No priority to pedestrian,Slight Injury,15,20
Saturday,18-30,Male,Junior high school,5-10yr,Public (> 45 seats),Owner,Unknown,Office areas,Undivided Two way,Tangent road with flat terrain,Y Shape,Asphalt roads,Dry,Daylight,Normal,Vehicle with vehicle collision,3,4,Going straight,Driver or rider,Male,18-30,3,Not a Pedestrian,Overtaking,Slight Injury,15,20
Saturday,18-30,Male,Junior high school,2-5yr,Lorry (41?100Q),Owner,Unknown,Office areas,Undivided Two way,Tangent road with flat terrain,Y Shape,Asphalt roads,Dry,Daylight,Normal,Vehicle with vehicle collision,3,4,Moving Backward,na,na,na,na,Not a Pedestrian,Driving carelessly,Slight Injury,15,20
Saturday,18-30,Male,Junior high school,2-5yr,Public (> 45 seats),Governmental,Below 1yr,Residential areas,Two-way (divided with broken lines road marking),Tangent road with flat terrain,Y Shape,Asphalt roads,Dry,Daylight,Normal,Vehicle with vehicle collision,3,4,Going straight,Driver or rider,Male,31-50,3,Not a Pedestrian,No priority to vehicle,Slight Injury,15,20
Saturday,Unknown,Male,Junior high school,2-5yr,,Owner,Unknown, Industrial areas,Undivided Two way,Tangent road with flat terrain,Y Shape,Asphalt roads,Dry,Daylight,Normal,Rollover,3,4,Going straight,Pedestrian,Male,Over 51,3,Crossing from driver's nearside,No priority to pedestrian,Slight Injury,15,20
Thursday,18-30,Male,Junior high school,2-5yr,,Owner,,Office areas,Undivided Two way,Tangent road with flat terrain,No junction,Asphalt roads,Dry,Daylight,Normal,Vehicle with vehicle collision,2,1,Moving Backward,Driver or rider,Male,31-50,3,Not a Pedestrian,Changing lane to the right,Slight Injury,18,30
Thursday,Under 18,Male,Junior high school,Above 10yr,Automobile,Owner,,Other,Undivided Two way,Tangent road with flat terrain,No junction,Asphalt roads,Dry,Daylight,Normal,Vehicle with vehicle collision,2,1,Moving Backward,Driver or rider,Male,18-30,3,Not a Pedestrian,Driving carelessly,Slight Injury,18,30
Thursday,Over 51,Male,Junior high school,Above 10yr,Automobile,Owner,,Other,Two-way (divided with broken lines road marking),Tangent road with flat terrain,Y Shape,Asphalt roads,Dry,Daylight,Normal,Vehicle with vehicle collision,1,1,Going straight,Driver or rider,Male,Under 18,3,Not a Pedestrian,Changing lane to the right,Slight Injury,11,20
Monday,Under 18,Male,Elementary school,5-10yr,Lorry (41?100Q),Owner,,Residential areas,Undivided Two way,Tangent road with flat terrain,Y Shape,Asphalt roads,Dry,Daylight,Normal,Collision with roadside objects,2,1,Turnover,na,na,na,na,Not a Pedestrian,Changing lane to the right,Slight Injury,18,40
Monday,Unknown,Male,,,Automobile,Owner,,Office areas,Two-way (divided with broken lines road marking),Tangent road with flat terrain,Y Shape,Asphalt roads,Dry,Daylight,Normal,Vehicle with vehicle collision,2,1,Turnover,Passenger,Female,18-30,3,Not a Pedestrian,Changing lane to the left,Slight Injury,18,40
Thursday,Unknown,Male,,2-5yr,Public (13?45 seats),Organization,,Residential areas,other,Tangent road with flat terrain,Crossing,Asphalt roads,Dry,Daylight,Normal,Vehicle with vehicle collision,2,1,Going straight,na,na,na,na,Not a Pedestrian,Overturning,Slight Injury,19,30
Thursday,Over 51,Unknown,Elementary school,5-10yr,Automobile,Owner,,Office areas,Two-way (divided with broken lines road marking),Tangent road with flat terrain,Crossing,Asphalt roads,Dry,Daylight,Normal,Vehicle with vehicle collision,2,1,Going straight,Passenger,Female,18-30,3,Not a Pedestrian,Driving carelessly,Slight Injury,19,30
Saturday,18-30,Male,Junior high school,5-10yr,Public (> 45 seats),Owner,Above 10yr,Residential areas,,Tangent road with flat terrain,Crossing,Asphalt roads,Dry,Daylight,Normal,Collision with roadside objects,2,2,Going straight,Passenger,Female,18-30,3,Not a Pedestrian,No distancing,Slight Injury,14,55
Saturday,Unknown,Male,Junior high school,Above 10yr,Lorry (41?100Q),Owner,5-10yrs,Office areas,Undivided Two way,Tangent road with flat terrain,Crossing,Asphalt roads,Dry,Daylight,Normal,Vehicle with vehicle collision,2,2,Going straight,Driver or rider,Male,Over 51,3,Not a Pedestrian,Driving carelessly,Slight Injury,14,55
Sunday,Over 51,Male,Junior high school,5-10yr,Automobile,Owner,,  Recreational areas,other,,Y Shape,Asphalt roads,Dry,Daylight,Normal,Vehicle with vehicle collision,2,1,Going straight,Passenger,Male,18-30,3,Not a Pedestrian,Changing lane to the left,Serious Injury,14,45
Sunday,18-30,Male,Junior high school,Above 10yr,Lorry (11?40Q),Governmental,,Office areas,other,Tangent road with mild grade and flat terrain,Y Shape,Asphalt roads,Dry,Daylight,Normal,Vehicle with vehicle collision,2,1,Going straight,Passenger,Female,18-30,3,Not a Pedestrian,No priority to vehicle,Serious Injury,14,45
Tuesday,18-30,Male,Elementary school,Below 1yr,Public (13?45 seats),Owner,5-10yrs, Industrial areas,other,Tangent road with flat terrain,No junction,Asphalt roads,Wet or damp,Daylight,Raining,Vehicle with vehicle collision,1,1,Getting off,Passenger,Male,18-30,3,Not a Pedestrian,Changing lane to the right,Slight Injury,8,40
Wednesday,Unknown,Male,Elementary school,5-10yr,Public (13?45 seats),,,,,,No junction,Asphalt roads,Wet or damp,Daylight,Raining,Collision with roadside objects,2,1,Moving Backward,na,na,na,na,Not a Pedestrian,No distancing,Slight Injury,15,5
Wednesday,31-50,Male,Elementary school,1-2yr,,Owner,,Residential areas,Undivided Two way,Tangent road with flat terrain,No junction,Asphalt roads,Wet or damp,Daylight,Raining,Vehicle with vehicle collision,2,1,Other,na,na,na,na,Not a Pedestrian,Moving Backward,Slight Injury,15,5
Saturday,18-30,Male,Elementary school,5-10yr,Long lorry,Governmental,Above 10yr,Residential areas,other,Tangent road with flat terrain,No junction,Asphalt roads,Dry,Daylight,Normal,Vehicle with vehicle collision,2,2,Going straight,Driver or rider,Male,18-30,3,Not a Pedestrian,Moving Backward,Slight Injury,12,10
Saturday,18-30,Male,Elementary school,5-10yr,Lorry (41?100Q),Owner,1-2yr, Industrial areas,other,Tangent road with flat terrain,No junction,Asphalt roads,Dry,Daylight,Normal,Vehicle with vehicle collision,2,2,Going straight,Driver or rider,Male,18-30,3,Not a Pedestrian,No distancing,Slight Injury,12,10
Saturday,31-50,Male,Elementary school,2-5yr,Lorry (11?40Q),Owner,2-5yrs,Residential areas,Undivided Two way,Tangent road with flat terrain,No junction,Asphalt roads,Dry,Daylight,Normal,Vehicle with vehicle collision,2,2,Going straight,na,na,na,na,Not a Pedestrian,No distancing,Slight Injury,12,10
Thursday,Under 18,Male,Elementary school,5-10yr,Lorry (41?100Q),Owner,Unknown,Residential areas,other,Tangent road with flat terrain,No junction,Asphalt roads,Dry,Darkness - lights lit,Normal,Vehicle with vehicle collision,1,2,Going straight,Driver or rider,Male,18-30,3,Not a Pedestrian,No distancing,Slight Injury,23,25
Thursday,Under 18,Male,,5-10yr,Public (12 seats),Owner,,Office areas,Undivided Two way,Tangent road with flat terrain,No junction,Asphalt roads,Dry,Darkness - lights lit,Normal,Collision with pedestrians,1,2,Going straight,na,na,na,na,Not a Pedestrian,No priority to pedestrian,Slight Injury,23,25
Thursday,Unknown,Female,Junior high school,Above 10yr,,Owner,2-5yrs,Office areas,Double carriageway (median),Escarpments,No junction,Asphalt roads,Dry,Daylight,Normal,Vehicle with vehicle collision,3,2,Going straight,na,na,na,na,Not a Pedestrian,Driving carelessly,Slight Injury,8,40
Thursday,18-30,Male,Junior high school,Above 10yr,Taxi,Owner,Above 10yr,Office areas,other,Tangent road with flat terrain,No junction,Asphalt roads,Dry,Daylight,Normal,Vehicle with vehicle collision,3,2,Going straight,Driver or rider,Male,Under 18,3,Not a Pedestrian,Changing lane to the right,Slight Injury,8,40
Thursday,18-30,Male,Elementary school,Below 1yr,,Owner,1-2yr,Office areas,Undivided Two way,Escarpments,No junction,Asphalt roads,Dry,Daylight,Normal,Collision with roadside objects,3,2,Going straight,Driver or rider,Male,18-30,3,Not a Pedestrian,Changing lane to the left,Slight Injury,8,40
Thursday,31-50,Male,Elementary school,5-10yr,Automobile,Owner,,Office areas,One way,Tangent road with flat terrain,No junction,Asphalt roads,Dry,Daylight,Normal,Vehicle with vehicle collision,3,2,Going straight,na,na,na,na,Not a Pedestrian,Driving carelessly,Slight Injury,8,40
Monday,31-50,Male,Elementary school,5-10yr,,Owner,,Office areas,Undivided Two way,Tangent road with flat terrain,Crossing,Asphalt roads,Dry,Daylight,Unknown,Vehicle with vehicle collision,2,1,Going straight,Pedestrian,Male,18-30,3,Unknown or other,Driving carelessly,Slight Injury,17,40
Monday,Under 18,Male,Elementary school,2-5yr,Lorry (41?100Q),Owner,,Office areas,other,Tangent road with flat terrain,Crossing,Asphalt roads,Dry,Daylight,Unknown,Collision with pedestrians,2,1,Going straight,na,na,na,na,Not a Pedestrian,No distancing,Slight Injury,17,40
Friday,18-30,Male,Elementary school,Above 10yr,Automobile,Owner,Above 10yr,Residential areas,other,Tangent road with flat terrain,Other,Asphalt roads,Wet or damp,Daylight,Normal,Vehicle with vehicle collision,1,2,Going straight,Pedestrian,Male,Over 51,3,Not a Pedestrian,Other,Slight Injury,10,0
Friday,18-30,Male,Elementary school,2-5yr,Automobile,Owner,5-10yrs,Residential areas,One way,Tangent road with flat terrain,Other,Asphalt roads,Wet or damp,Daylight,Normal,Vehicle with vehicle collision,1,2,Moving Backward,Driver or rider,Male,31-50,3,Not a Pedestrian,Changing lane to the right,Slight Injury,10,0
Tuesday,Unknown,Male,Junior high school,Above 10yr,Lorry (41?100Q),Owner,,Other,One way,Tangent road with flat terrain,O Shape,Asphalt roads,Dry,Daylight,Normal,Collision with pedestrians,2,1,Going straight,na,na,na,na,Not a Pedestrian,Changing lane to the right,Slight Injury,13,0
Tuesday,18-30,Male,Junior high school,Below 1yr,Automobile,Owner,5-10yrs, Church areas,Undivided Two way,Tangent road with flat terrain,O Shape,Asphalt roads,Dry,Daylight,Normal,Collision with pedestrians,2,1,Moving Backward,Pedestrian,Female,5,3,Not a Pedestrian,No distancing,Slight Injury,13,0
Friday,Unknown,Male,Junior high school,2-5yr,Automobile,Owner,,  Recreational areas,other,Tangent road with flat terrain,Y Shape,Asphalt roads,Dry,Daylight,Normal,Collision with pedestrians,1,1,Moving Backward,Pedestrian,Male,Over 51,3,Not a Pedestrian,No distancing,Slight Injury,9,30
Wednesday,Unknown,Male,Elementary school,5-10yr,Automobile,Owner,, Industrial areas,Undivided Two way,Tangent road with flat terrain,No junction,Asphalt roads,Dry,Daylight,Normal,Collision with roadside objects,2,1,Going straight,Driver or rider,Male,Under 18,3,Not a Pedestrian,Overturning,Slight Injury,15,0
Wednesday,18-30,Male,Elementary school,5-10yr,Taxi,,,Residential areas,other,,No junction,Asphalt roads,Dry,Daylight,Normal,Vehicle with vehicle collision,2,1,Going straight,na,na,na,na,Not a Pedestrian,Driving at high speed,Slight Injury,15,0
Thursday,31-50,Male,Elementary school,1-2yr,,Owner,Above 10yr,Residential areas,other,Tangent road with rolling terrain,Crossing,Asphalt roads,Dry,Daylight,Normal,Vehicle with vehicle collision,2,1,Going straight,Driver or rider,Male,Under 18,3,Not a Pedestrian,No priority to vehicle,Serious Injury,17,10
Thursday,18-30,Male,Elementary school,,,Owner,2-5yrs,Office areas,Double carriageway (median),Tangent road with flat terrain,Crossing,Asphalt roads,Dry,Daylight,Normal,Vehicle with vehicle collision,2,1,Going straight,Pedestrian,Female,18-30,3,Not a Pedestrian,No priority to pedestrian,Serious Injury,17,10
Saturday,18-30,Male,Junior high school,1-2yr,Automobile,Owner,2-5yrs,  Market areas,Undivided Two way,Tangent road with flat terrain,Y Shape,Asphalt roads,Wet or damp,Daylight,Normal,Vehicle with vehicle collision,2,4,Going straight,Driver or rider,Male,Under 18,3,Not a Pedestrian,No priority to vehicle,Fatal injury,15,5
Saturday,31-50,Male,,5-10yr,Pick up upto 10Q,,,Unknown,other,Tangent road with flat terrain,Y Shape,Asphalt roads,Wet or damp,Daylight,Normal,Vehicle with vehicle collision,2,4,Going straight,na,na,na,na,Not a Pedestrian,Other,Fatal injury,15,5
Saturday,31-50,Male,Elementary school,1-2yr,,Owner,, Industrial areas,other,Tangent road with flat terrain,Y Shape,Asphalt roads,Wet or damp,Daylight,Normal,Vehicle with vehicle collision,2,4,,Driver or rider,Male,Over 51,3,Not a Pedestrian,Other,Fatal injury,15,5
Saturday,31-50,Male,Junior high school,5-10yr,Automobile,Owner,,Residential areas,Two-way (divided with solid lines road marking),Tangent road with flat terrain,Y Shape,Asphalt roads with some distress,Wet or damp,Daylight,Normal,Collision with pedestrians,2,4,Other,na,na,na,na,Not a Pedestrian,Moving Backward,Fatal injury,15,5
Tuesday,Under 18,Male,Junior high school,2-5yr,Public (12 seats),Governmental,Below 1yr,Residential areas,Undivided Two way,Tangent road with flat terrain,Y Shape,Asphalt roads,Dry,Daylight,Normal,Collision with roadside objects,1,1,Going straight,Driver or rider,Male,5,3,Not a Pedestrian,No distancing,Serious Injury,15,15
Sunday,18-30,Male,Junior high school,2-5yr,Public (13?45 seats),Owner,5-10yrs,Other,Undivided Two way,Tangent road with flat terrain,Y Shape,Asphalt roads,Dry,Daylight,Normal,Vehicle with vehicle collision,2,1,,na,na,na,na,Not a Pedestrian,Moving Backward,Slight Injury,11,30
Sunday,Over 51,Male,Junior high school,5-10yr,Lorry (11?40Q),Governmental,,Residential areas,other,Tangent road with flat terrain,Y Shape,Asphalt roads,Dry,Daylight,Normal,Vehicle with vehicle collision,2,1,Overtaking,na,na,na,na,Not a Pedestrian,No priority to vehicle,Slight Injury,11,30
Monday,31-50,Male,Junior high school,Below 1yr,Stationwagen,Owner,1-2yr,Rural village areas,Undivided Two way,Gentle horizontal curve,Y Shape,Asphalt roads,Dry,Daylight,Normal,Vehicle with vehicle collision,2,1,Reversing,na,na,na,na,Not a Pedestrian,Driving carelessly,Slight Injury,10,15
Monday,Over 51,Male,High school,Below 1yr,Ridden horse,Owner,2-5yrs,Rural village areas,Undivided Two way,Gentle horizontal curve,Y Shape,Gravel roads,Dry,Daylight,Normal,Vehicle with vehicle collision,2,1,Going straight,Pedestrian,Female,18-30,3,Not a Pedestrian,No distancing,Slight Injury,10,15
Saturday,Under 18,Male,Junior high school,,Stationwagen,Owner,,Office areas,Double carriageway (median),Tangent road with flat terrain,Y Shape,Asphalt roads,Wet or damp,Darkness - lights lit,Raining,With Train,2,1,Other,Pedestrian,Female,31-50,3,Not a Pedestrian,Other,Slight Injury,22,30
Saturday,Unknown,Male,Junior high school,Below 1yr,Automobile,Owner,2-5yrs,Residential areas,Undivided Two way,Gentle horizontal curve,Y Shape,Asphalt roads,Wet or damp,Darkness - lights lit,Raining,Vehicle with vehicle collision,2,1,Moving Backward,Driver or rider,Male,31-50,3,Not a Pedestrian,Changing lane to the right,Slight Injury,22,30
Friday,31-50,Male,Junior high school,2-5yr,Automobile,Owner,,Residential areas,other,Tangent road with flat terrain,No junction,Asphalt roads,Dry,Daylight,Normal,Vehicle with vehicle collision,2,1,Going straight,Pedestrian,Female,31-50,3,Not a Pedestrian,No distancing,Slight Injury,14,25
Friday,Unknown,Female,Junior high school,2-5yr,Other,Owner,, Outside rural areas,other,Tangent road with flat terrain,No junction,Asphalt roads,Dry,Daylight,Normal,Vehicle with vehicle collision,2,1,Other,Driver or rider,Female,18-30,3,Not a Pedestrian,Driving carelessly,Slight Injury,14,25
Friday,Unknown,Male,Junior high school,5-10yr,Taxi,Owner,Above 10yr,Residential areas,other,Tangent road with flat terrain,Crossing,Asphalt roads,Dry,Darkness - lights lit,Normal,Vehicle with vehicle collision,2,2,Moving Backward,Driver or rider,Male,31-50,3,Not a Pedestrian,No distancing,Slight Injury,22,15
Friday,31-50,Male,Elementary school,5-10yr,Automobile,Owner,5-10yrs, Church areas,other,Tangent road with flat terrain,Crossing,Asphalt roads,Dry,Darkness - lights lit,Normal,Vehicle with vehicle collision,2,2,Going straight,na,na,na,na,Not a Pedestrian,No priority to vehicle,Slight Injury,22,15
Friday,31-50,Male,,5-10yr,Stationwagen,Owner,,Office areas,Undivided Two way,Tangent road with flat terrain,Crossing,Asphalt roads,Dry,Darkness - lights lit,Normal,Vehicle with vehicle collision,2,2,Going straight,na,na,na,na,Not a Pedestrian,Changing lane to the right,Slight Injury,22,15
Tuesday,Over 51,Male,Junior high school,5-10yr,Automobile,Owner,Unknown,Office areas,Two-way (divided with broken lines road marking),Tangent road with mountainous terrain and,Y Shape,Asphalt roads,Dry,Daylight,Normal,Vehicle with vehicle collision,1,1,Moving Backward,na,na,na,na,Not a Pedestrian,No priority to pedestrian,Slight Injury,14,30
Saturday,31-50,Male,Junior high school,5-10yr,Public (12 seats),Governmental,,Office areas,Two-way (divided with broken lines road marking),Escarpments,Y Shape,Asphalt roads,Wet or damp,Daylight,Raining,Vehicle with vehicle collision,2,1,Going straight,Driver or rider,Male,Over 51,3,Not a Pedestrian,No priority to vehicle,Slight Injury,14,30