Day_of_week,Age_band_of_driver,Sex_of_driver,Educational_level,Driving_experience,Type_of_vehicle,Owner_of_vehicle,Service_year_of_vehicle,Area_accident_occured,Lanes_or_Medians,Road_allignment,Types_of_Junction,Road_surface_type,Road_surface_conditions,Light_conditions,Weather_conditions,Type_of_collision,Number_of_vehicles_involved,Number_of_casualties,Vehicle_movement,Casualty_class,Sex_of_casualty,Age_band_of_casualty,Casualty_severity,Pedestrian_movement,Cause_of_accident,Accident_severity,Hour,Minute
Thursday,18-30,Male,Junior high school,5-10yr,,Owner,2-5yrs,Office areas,Double carriageway (median),Tangent road with flat terrain,Y Shape,Asphalt roads,Dry,Daylight,Normal,Collision with roadside objects,2,2,Stopping,Pedestrian,Male,18-30,3,Unknown or other,Changing lane to the left,Slight Injury,9,10
Sunday,18-30,Male,Junior high school,1-2yr,Automobile,Owner,2-5yrs, Church areas,other,Tangent road with flat terrain,No junction,Asphalt roads,Wet or damp,Daylight,Normal,Vehicle with vehicle collision,1,1,Turnover,Pedestrian,Male,31-50,3,Unknown or other,No distancing,Slight Injury,8,0
Monday,31-50,Male,Junior high school,2-5yr,Lorry (41?100Q),Owner,2-5yrs,Other,Two-way (divided with broken lines road marking),Tangent road with flat terrain,No junction,Asphalt roads,Wet or damp,Daylight,Unknown,Collision with roadside objects,2,1,Getting off,Pedestrian,Male,18-30,3,Unknown or other,Moving Backward,Slight Injury,14,30
Monday,Under 18,Male,Junior high school,Above 10yr,,Owner,,,other,Tangent road with flat terrain,No junction,Asphalt roads,Wet or damp,Daylight,Unknown,Vehicle with vehicle collision,2,1,Moving Backward,Driver or rider,Male,18-30,3,Not a Pedestrian,Changing lane to the left,Slight Injury,14,30
Saturday,Under 18,Male,Junior high school,5-10yr,Public (> 45 seats),Owner,1-2yr,School areas,other,Steep grade downward with mountainous terrain,Y Shape,Asphalt roads,Dry,Darkness - lights lit,Normal,Vehicle with vehicle collision,2,2,Moving Backward,na,na,na,na,Not a Pedestrian,Other,Serious Injury,22,20
Saturday,18-30,Male,High school,1-2yr,,Owner,5-10yrs,Office areas,Two-way (divided with broken lines road marking),Tangent road with mild grade and flat terrain,Y Shape,Asphalt roads,Dry,Darkness - lights lit,Normal,Vehicle with vehicle collision,2,2,Going straight,Driver or rider,Male,18-30,3,Not a Pedestrian,No distancing,Serious Injury,22,20
Monday,18-30,Male,Junior high school,Above 10yr,Public (12 seats),Owner,Below 1yr,Other,other,Steep grade downward with mountainous terrain,Unknown,Asphalt roads,Dry,Daylight,Normal,Collision with roadside objects,1,1,Turnover,na,na,na,na,Not a Pedestrian,Moving Backward,Slight Injury,15,30
Wednesday,Unknown,Female,Junior high school,1-2yr,Public (12 seats),Owner,Unknown,Office areas,Undivided Two way,Tangent road with flat terrain,No junction,Asphalt roads,Dry,Daylight,Normal,Collision with roadside objects,2,1,Going straight,Passenger,Female,18-30,2,Not a Pedestrian,No distancing,Serious Injury,6,30
Wednesday,31-50,Male,Junior high school,2-5yr,Automobile,Owner,,Other,Undivided Two way,Tangent road with flat terrain,No junction,Asphalt roads,Dry,Daylight,Normal,Vehicle with vehicle collision,2,1,Going straight,Pedestrian,Male,Under 18,3,Crossing from driver's nearside,Changing lane to the left,Serious Injury,6,30
Friday,Over 51,Male,Junior high school,Above 10yr,,Owner,2-5yrs,Other,Two-way (divided with broken lines road marking),Tangent road with flat terrain,No junction,Asphalt roads,Dry,Daylight,Normal,Vehicle with vehicle collision,2,2,U-Turn,na,na,na,na,Not a Pedestrian,Changing lane to the left,Slight Injury,14,30
Friday,Over 51,Male,Junior high school,2-5yr,Automobile,Owner,,Office areas,Undivided Two way,Tangent road with flat terrain,No junction,Asphalt roads,Dry,Daylight,Normal,Vehicle with vehicle collision,2,2,Going straight,Driver or rider,Female,31-50,3,Not a Pedestrian,No priority to pedestrian,Slight Injury,14,30
Friday,Unknown,Male,Elementary school,5-10yr,Lorry (41?100Q),Owner,,Other,Double carriageway (median),Tangent road with flat terrain,No junction,Asphalt roads,Dry,Daylight,Normal,Vehicle with vehicle collision,2,2,Going straight,na,na,na,na,Not a Pedestrian,Changing lane to the left,Slight Injury,14,30
Saturday,18-30,Male,,,Public (12 seats),Owner,, Church areas,other,Tangent road with flat terrain,No junction,Asphalt roads,Dry,Daylight,Normal,Vehicle with vehicle collision,2,2,U-Turn,Driver or rider,Male,18-30,3,Not a Pedestrian,Driving carelessly,Slight Injury,16,50
Saturday,31-50,Male,Elementary school,1-2yr,Lorry (11?40Q),Owner,,Office areas,Two-way (divided with broken lines road marking),Tangent road with flat terrain,No junction,Asphalt roads,Dry,Daylight,Normal,Vehicle with vehicle collision,2,2,Stopping,na,na,na,na,Not a Pedestrian,Driving carelessly,Slight Injury,16,50
Monday,Unknown,Female,Elementary school,5-10yr,Automobile,Owner,Above 10yr,Office areas,Two-way (divided with broken lines road marking),Tangent road with flat terrain,No junction,Asphalt roads,Dry,Daylight,Normal,Vehicle with vehicle collision,2,1,Going straight,Driver or rider,Male,18-30,3,Not a Pedestrian,No priority to pedestrian,Slight Injury,9,45
Monday,18-30,Male,Elementary school,5-10yr,Automobile,Owner,2-5yrs,Other,Undivided Two way,Tangent road with mountainous terrain and,No junction,Asphalt roads,Dry,Daylight,Normal,Collision with roadside objects,2,1,Moving Backward,Driver or rider,Male,18-30,3,Not a Pedestrian,Getting off the vehicle improperly,Slight Injury,9,45
Sunday,Unknown,Male,Junior high school,1-2yr,Automobile,Owner,2-5yrs,Residential areas,Undivided Two way,Tangent road with flat terrain,No junction,Asphalt roads,Dry,Daylight,Unknown,Collision with roadside objects,2,2,Getting off,na,na,na,na,Not a Pedestrian,No distancing,Slight Injury,14,35
Sunday,Unknown,Male,Junior high school,5-10yr,Bajaj,Owner,Unknown,Residential areas,Undivided Two way,Tangent road with flat terrain,No junction,Asphalt roads,Dry,Daylight,Unknown,Collision with roadside objects,2,2,Going straight,Driver or rider,Male,31-50,3,Not a Pedestrian,Changing lane to the left,Slight Injury,14,35
Sunday,Unknown,Female,Junior high school,5-10yr,Public (12 seats),Owner,5-10yrs,,Two-way (divided with broken lines road marking),Tangent road with flat terrain,No junction,Asphalt roads,Dry,Daylight,Unknown,Vehicle with vehicle collision,2,2,Going straight,na,na,na,na,Not a Pedestrian,No priority to vehicle,Slight Injury,14,35
Wednesday,Unknown,Male,Junior high school,2-5yr,Lorry (11?40Q),Owner,Unknown,Other,other,Tangent road with flat terrain,Y Shape,Asphalt roads,Wet or damp,Darkness - lights lit,Raining,Vehicle with vehicle collision,2,4,Turnover,na,na,na,na,Not a Pedestrian,No distancing,Slight Injury,0,30
Wednesday,Under 18,Male,Junior high school,1-2yr,,Owner,Unknown,Office areas,,Steep grade downward with mountainous terrain,Y Shape,Asphalt roads,Wet or damp,Darkness - lights lit,Raining,Vehicle with vehicle collision,2,4,Moving Backward,Driver or rider,Male,31-50,3,Not a Pedestrian,No priority to pedestrian,Slight Injury,0,30
Wednesday,Under 18,Male,Junior high school,5-10yr,,Governmental,Unknown,School areas,Double carriageway (median),Tangent road with flat terrain,Y Shape,Asphalt roads,Wet or damp,Darkness - lights lit,Raining,Vehicle with vehicle collision,2,4,Going straight,Driver or rider,Male,31-50,3,Not a Pedestrian,No priority to pedestrian,Slight Injury,0,30
Wednesday,Under 18,Male,Junior high school,Below 1yr,Automobile,Owner,Unknown,Other,Two-way (divided with broken lines road marking),Steep grade downward with mountainous terrain,Y Shape,Asphalt roads,Wet or damp,Darkness - lights lit,Raining,Collision with pedestrians,2,4,Moving Backward,na,na,na,na,Not a Pedestrian,No priority to vehicle,Slight Injury,0,30
Wednesday,Under 18,Male,Junior high school,5-10yr,Lorry (11?40Q),Owner,5-10yrs,Other,Two-way (divided with broken lines road marking),Tangent road with rolling terrain,Y Shape,Asphalt roads,Wet or damp,Darkness - lights lit,Raining,Collision with pedestrians,2,4,Going straight,na,na,na,na,Not a Pedestrian,Driving carelessly,Slight Injury,0,30
Thursday,18-30,Male,Junior high school,5-10yr,Lorry (41?100Q),Governmental,Unknown, Church areas,Two-way (divided with broken lines road marking),Tangent road with flat terrain,Y Shape,Asphalt roads,Dry,Daylight,Normal,Vehicle with vehicle collision,2,1,,Driver or rider,Male,31-50,2,Not a Pedestrian,Changing lane to the right,Slight Injury,7,0
Thursday,Over 51,Male,,5-10yr,Pick up upto 10Q,,,Office areas,,Tangent road with mild grade and flat terrain,Y Shape,Asphalt roads,Dry,Daylight,Normal,Vehicle with vehicle collision,2,1,Going straight,na,na,na,na,Not a Pedestrian,Changing lane to the left,Slight Injury,7,0
Friday,18-30,Male,Junior high school,5-10yr,Lorry (11?40Q),Owner,,Other,Two-way (divided with broken lines road marking),Tangent road with mild grade and flat terrain,Y Shape,Earth roads,Dry,Darkness - lights lit,Normal,Vehicle with vehicle collision,4,1,,Driver or rider,Male,18-30,3,Not a Pedestrian,Moving Backward,Slight Injury,21,55
Friday,31-50,Male,High school,2-5yr,Stationwagen,Governmental,,Residential areas,Double carriageway (median),Tangent road with flat terrain,Y Shape,Asphalt roads,Dry,Darkness - lights lit,Normal,Vehicle with vehicle collision,4,1,Going straight,na,na,na,na,Not a Pedestrian,Driving carelessly,Slight Injury,21,55
Friday,18-30,Male,Above high school,5-10yr,Other,Owner,,Office areas,Two-way (divided with broken lines road marking),Tangent road with flat terrain,Y Shape,Asphalt roads,Dry,Darkness - lights lit,Normal,Vehicle with vehicle collision,4,1,,Driver or rider,Female,18-30,3,Not a Pedestrian,Driving to the left,Slight Injury,21,55
Friday,18-30,Male,Junior high school,Above 10yr,Other,Owner,,Office areas,Undivided Two way,Tangent road with flat terrain,Y Shape,Asphalt roads,Dry,Darkness - lights lit,Normal,Vehicle with vehicle collision,4,1,Going straight,na,na,na,na,Not a Pedestrian,Driving to the left,Slight Injury,21,55
Monday,Over 51,Male,Junior high school,Below 1yr,Lorry (11?40Q),Owner,Below 1yr,Office areas,Two-way (divided with broken lines road marking),Tangent road with flat terrain,No junction,Asphalt roads,Dry,Daylight,Normal,Vehicle with vehicle collision,2,1,Going straight,Driver or rider,Male,18-30,3,Not a Pedestrian,No priority to pedestrian,Slight Injury,12,35
Monday,18-30,Male,Elementary school,5-10yr,,Organization,1-2yr, Church areas,,Tangent road with flat terrain,No junction,Asphalt roads,Dry,Daylight,Normal,Vehicle with vehicle collision,2,1,Going straight,Driver or rider,Male,18-30,3,Not a Pedestrian,Changing lane to the left,Slight Injury,12,35
Wednesday,31-50,Male,Elementary school,2-5yr,Automobile,Owner,,Office areas,Two-way (divided with broken lines road marking),Tangent road with flat terrain,No junction,Asphalt roads,Dry,Daylight,Normal,Vehicle with vehicle collision,2,1,Going straight,na,na,na,na,Not a Pedestrian,Changing lane to the right,Slight Injury,13,55
Wednesday,18-30,Male,Junior high school,2-5yr,Lorry (41?100Q),Owner,1-2yr,Office areas,Two-way (divided with broken lines road marking),Tangent road with mild grade and flat terrain,No junction,Asphalt roads,Dry,Daylight,Normal,Vehicle with vehicle collision,2,1,Going straight,na,na,na,na,Not a Pedestrian,Driving carelessly,Slight Injury,13,55
Friday,Under 18,Male,Junior high school,1-2yr,Other,Owner,,Office areas,Two-way (divided with broken lines road marking),Tangent road with mild grade and flat terrain,Y Shape,Asphalt roads,Wet or damp,Daylight,Raining,Collision with roadside objects,2,1,Other,Driver or rider,Male,31-50,2,Not a Pedestrian,No distancing,Slight Injury,16,10
Friday,Unknown,Male,Junior high school,2-5yr,Lorry (41?100Q),Owner,5-10yrs,Office areas,Two-way (divided with broken lines road marking),Tangent road with flat terrain,Y Shape,Asphalt roads,Wet or damp,Daylight,Raining,Rollover,2,1,Other,na,na,na,na,Not a Pedestrian,Getting off the vehicle improperly,Slight Injury,16,10
Monday,31-50,Male,Junior high school,2-5yr,Automobile,Owner,,Other,Two-way (divided with broken lines road marking),Tangent road with flat terrain,Crossing,Asphalt roads,Dry,Daylight,Normal,Vehicle with vehicle collision,2,2,Going straight,Driver or rider,Male,Over 51,2,Not a Pedestrian,Driving under the influence of drugs,Slight Injury,17,30
Monday,18-30,Male,Junior high school,Above 10yr,Pick up upto 10Q,Owner,,Residential areas,Double carriageway (median),Tangent road with flat terrain,Crossing,Asphalt roads,Dry,Daylight,Normal,Vehicle with vehicle collision,2,2,Going straight,na,na,na,na,Not a Pedestrian,Changing lane to the right,Slight Injury,17,30
Monday,18-30,Male,High school,Below 1yr,Lorry (41?100Q),Owner,, Church areas,Undivided Two way,Tangent road with flat terrain,Crossing,Asphalt roads,Dry,Daylight,Normal,Vehicle with vehicle collision,2,2,Getting off,Driver or rider,Male,18-30,3,Not a Pedestrian,Driving carelessly,Slight Injury,17,30
Tuesday,Over 51,Male,Junior high school,2-5yr,Public (13?45 seats),Owner,,Other,Two-way (divided with broken lines road marking),Tangent road with flat terrain,Y Shape,Asphalt roads,Dry,Daylight,Normal,Vehicle with vehicle collision,2,2,Going straight,na,na,na,na,Not a Pedestrian,Moving Backward,Fatal injury,18,0
Tuesday,31-50,Male,High school,Above 10yr,Long lorry,Owner,,  Recreational areas,Two-way (divided with broken lines road marking),Tangent road with flat terrain,Y Shape,Asphalt roads,Dry,Daylight,Normal,Vehicle with vehicle collision,2,2,Going straight,Pedestrian,Male,18-30,3,Unknown or other,Turnover,Fatal injury,18,0
Thursday,Unknown,Female,Junior high school,Above 10yr,Automobile,,,,,Tangent road with flat terrain,Y Shape,Asphalt roads,Dry,Daylight,Normal,Collision with roadside objects,1,1,Going straight,Pedestrian,Male,31-50,3,"Walking along in carriageway, back to traffic",Changing lane to the right,Serious Injury,15,45
Thursday,Over 51,Male,High school,5-10yr,Automobile,Owner,Unknown, Industrial areas,Undivided Two way,Tangent road with mild grade and flat terrain,Y Shape,Asphalt roads,Dry,Daylight,Normal,Collision with roadside objects,2,1,Going straight,Driver or rider,Male,31-50,3,Not a Pedestrian,Driving carelessly,Slight Injury,9,15
Thursday,18-30,Male,Junior high school,Above 10yr,Other,Owner,,Other,Two-way (divided with broken lines road marking),Tangent road with flat terrain,Y Shape,Asphalt roads,Dry,Daylight,Normal,Vehicle with vehicle collision,2,1,Going straight,na,na,na,na,Not a Pedestrian,No priority to vehicle,Slight Injury,9,15
Friday,31-50,Male,Junior high school,1-2yr,,Owner,Unknown,Other,other,Tangent road with flat terrain,Y Shape,Asphalt roads,Wet or damp,Daylight,Raining,Collision with roadside objects,2,1,Getting off,na,na,na,na,Not a Pedestrian,Moving Backward,Slight Injury,9,0
Friday,31-50,Male,Junior high school,2-5yr,Long lorry,Owner,5-10yrs, Church areas,other,Tangent road with flat terrain,Y Shape,Asphalt roads,Wet or damp,Daylight,Raining,Vehicle with vehicle collision,2,1,Going straight,Driver or rider,Male,18-30,3,Not a Pedestrian,Changing lane to the left,Slight Injury,9,0
Wednesday,Over 51,Male,Elementary school,2-5yr,Public (12 seats),Owner,5-10yrs, Church areas,Undivided Two way,Tangent road with flat terrain,Y Shape,Asphalt roads,Dry,Daylight,Normal,Vehicle with vehicle collision,2,1,Going straight,Pedestrian,Male,Under 18,3,Unknown or other,Overturning,Slight Injury,8,45
Wednesday,18-30,Male,Elementary school,5-10yr,Public (12 seats),Owner,,Other,Two-way (divided with broken lines road marking),Tangent road with flat terrain,Y Shape,Asphalt roads,Dry,Daylight,Normal,Vehicle with vehicle collision,2,1,Other,Driver or rider,Male,18-30,2,Not a Pedestrian,No distancing,Slight Injury,8,45
Sunday,31-50,Male,Junior high school,5-10yr,Other,Owner,,Other,One way,Tangent road with flat terrain,No junction,Asphalt roads,Dry,Darkness - lights lit,Normal,Vehicle with vehicle collision,2,1,Going straight,Pedestrian,Male,18-30,2,Crossing from offside - masked by  parked or statioNot a Pedestrianry vehicle,Driving carelessly,Slight Injury,0,10
Sunday,18-30,Male,High school,5-10yr,Other,Governmental,2-5yrs,  Recreational areas,Two-way (divided with broken lines road marking),Tangent road with flat terrain,No junction,Asphalt roads,Dry,Darkness - lights lit,Normal,Vehicle with vehicle collision,2,1,Going straight,Passenger,Female,18-30,3,Not a Pedestrian,No distancing,Slight Injury,0,10
Wednesday,18-30,Male,Junior high school,Above 10yr,Other,Owner,2-5yrs,Other,Undivided Two way,Tangent road with flat terrain,No junction,Asphalt roads,Wet or damp,Daylight,Raining,Vehicle with vehicle collision,3,1,Going straight,na,na,na,na,Not a Pedestrian,Changing lane to the left,Slight Injury,16,20
Wednesday,31-50,Male,Junior high school,Below 1yr,Public (12 seats),Owner,5-10yrs,Office areas,Undivided Two way,Tangent road with flat terrain,No junction,Asphalt roads,Wet or damp,Daylight,Raining,Collision with pedestrians,3,1,Going straight,Driver or rider,Female,18-30,3,Not a Pedestrian,No priority to pedestrian,Slight Injury,16,20
Wednesday,31-50,Male,Junior high school,Below 1yr,Lorry (41?100Q),Owner,5-10yrs, Church areas,Two-way (divided with broken lines road marking),Tangent road with flat terrain,No junction,Asphalt roads,Wet or damp,Daylight,Raining,Vehicle with vehicle collision,3,1,Going straight,Driver or rider,Male,18-30,3,Not a Pedestrian,No distancing,Slight Injury,16,20
Tuesday,31-50,Male,Junior high school,Above 10yr,Other,Owner,2-5yrs,Office areas,Two-way (divided with broken lines road marking),Tangent road with flat terrain,No junction,Asphalt roads,Dry,Daylight,Normal,Collision with roadside objects,2,1,Reversing,Pedestrian,Female,Over 51,3,Unknown or other,No distancing,Slight Injury,17,40
Tuesday,Unknown,Male,High school,5-10yr,Public (12 seats),,,Office areas,Undivided Two way,Tangent road with mountainous terrain and,No junction,Asphalt roads,Dry,Daylight,Normal,Vehicle with vehicle collision,2,1,Other,na,na,na,na,Not a Pedestrian,Changing lane to the left,Slight Injury,17,40
Wednesday,Unknown,Male,Elementary school,5-10yr,Other,Owner,2-5yrs,Other,Undivided Two way,Tangent road with flat terrain,No junction,Asphalt roads,Dry,Daylight,Normal,Collision with roadside objects,2,4,Going straight,Driver or rider,Female,18-30,3,Not a Pedestrian,No distancing,Slight Injury,15,0
Wednesday,18-30,Male,Junior high school,2-5yr,Lorry (11?40Q),Governmental,,Residential areas,Two-way (divided with broken lines road marking),Tangent road with flat terrain,No junction,Asphalt roads,Dry,Daylight,Normal,Vehicle with vehicle collision,2,4,Going straight,Pedestrian,Male,31-50,3,Crossing from nearside - masked by parked or statioNot a Pedestrianry vehicle,Changing lane to the left,Slight Injury,15,0
Wednesday,18-30,Male,Junior high school,2-5yr,Other,Owner,2-5yrs,Office areas,Two-way (divided with broken lines road marking),Tangent road with mild grade and flat terrain,No junction,Asphalt roads,Dry,Daylight,Normal,Vehicle with vehicle collision,2,4,Going straight,Pedestrian,Female,18-30,3,Crossing from nearside - masked by parked or statioNot a Pedestrianry vehicle,No distancing,Slight Injury,15,0
Wednesday,18-30,Male,Above high school,5-10yr,Other,Owner,2-5yrs,Residential areas,other,Tangent road with flat terrain,No junction,Asphalt roads,Dry,Daylight,Normal,Collision with pedestrians,2,4,Going straight,Pedestrian,Male,Over 51,3,Unknown or other,No distancing,Slight Injury,15,0
Wednesday,18-30,Male,Junior high school,2-5yr,Other,Owner,Unknown,Residential areas,Two-way (divided with broken lines road marking),Tangent road with flat terrain,No junction,Asphalt roads,Dry,Daylight,Normal,Vehicle with vehicle collision,2,4,Going straight,Pedestrian,Male,31-50,3,Crossing from nearside - masked by parked or statioNot a Pedestrianry vehicle,No distancing,Slight Injury,15,0
Friday,Unknown,Male,,,Pick up upto 10Q,Owner,,Other,Double carriageway (median),Tangent road with flat terrain,Crossing,Asphalt roads,Dry,Daylight,Unknown,Vehicle with vehicle collision,2,2,Going straight,Pedestrian,Male,18-30,3,Unknown or other,Changing lane to the left,Slight Injury,14,30
Friday,18-30,Male,Junior high school,2-5yr,Automobile,Owner,, Hospital areas,One way,Tangent road with flat terrain,Crossing,Asphalt roads,Dry,Daylight,Unknown,Vehicle with vehicle collision,2,2,Going straight,Driver or rider,Male,31-50,3,Not a Pedestrian,Changing lane to the right,Slight Injury,14,30
Friday,18-30,Male,Junior high school,5-10yr,Other,Governmental,,Other,Undivided Two way,Tangent road with flat terrain,Crossing,Asphalt roads,Dry,Daylight,Unknown,Vehicle with vehicle collision,2,2,Going straight,na,na,na,na,Not a Pedestrian,Moving Backward,Slight Injury,14,30
Wednesday,18-30,Male,Junior high school,2-5yr,Lorry (41?100Q),Owner,,Other,Undivided Two way,Tangent road with flat terrain,No junction,Asphalt roads,Dry,Daylight,Normal,Collision with pedestrians,1,1,Going straight,Pedestrian,Female,18-30,3,Unknown or other,Changing lane to the right,Serious Injury,6,0
Wednesday,Unknown,Female,Elementary school,1-2yr,Public (13?45 seats),Owner,,  Recreational areas,One way,Tangent road with mild grade and flat terrain,Crossing,Asphalt roads,Dry,Daylight,Normal,Vehicle with vehicle collision,2,2,Moving Backward,Pedestrian,Male,31-50,2,Unknown or other,No distancing,Slight Injury,12,0
Wednesday,Over 51,Male,High school,,Automobile,Owner,,Other,Undivided Two way,Tangent road with flat terrain,Crossing,Asphalt roads,Dry,Daylight,Normal,Vehicle with vehicle collision,2,2,Moving Backward,Driver or rider,Male,31-50,3,Not a Pedestrian,Overtaking,Slight Injury,12,0
Wednesday,Over 51,Male,Junior high school,1-2yr,Pick up upto 10Q,Owner,,Other,Undivided Two way,Tangent road with flat terrain,Crossing,Asphalt roads,Dry,Daylight,Normal,Vehicle with vehicle collision,2,2,Turnover,na,na,na,na,Not a Pedestrian,Other,Slight Injury,12,0
Sunday,Over 51,Male,Junior high school,2-5yr,Lorry (41?100Q),Owner,,Other,Undivided Two way,Tangent road with flat terrain,Crossing,Asphalt roads,Dry,Darkness - lights lit,Normal,Vehicle with vehicle collision,2,2,Other,na,na,na,na,Not a Pedestrian,Other,Slight Injury,21,40
Sunday,Under 18,Male,Junior high school,1-2yr,Public (12 seats),Owner,Below 1yr,Office areas,Two-way (divided with broken lines road marking),Tangent road with flat terrain,Crossing,Asphalt roads,Dry,Darkness - lights lit,Normal,Collision with roadside objects,2,2,Other,Driver or rider,Male,18-30,3,Not a Pedestrian,Changing lane to the right,Slight Injury,21,40
Saturday,18-30,Male,Elementary school,Above 10yr,Other,Owner,2-5yrs,Other,Two-way (divided with broken lines road marking),Tangent road with mild grade and flat terrain,Y Shape,Asphalt roads,Dry,Darkness - lights lit,Normal,Vehicle with vehicle collision,1,1,Going straight,Driver or rider,Male,18-30,3,Not a Pedestrian,No priority to pedestrian,Slight Injury,0,10
Sunday,Under 18,Male,Junior high school,2-5yr,Lorry (41?100Q),Owner,,Residential areas,Two-way (divided with broken lines road marking),Tangent road with flat terrain,No junction,Asphalt roads,Wet or damp,Darkness - lights lit,Normal,Vehicle with vehicle collision,1,1,Going straight,na,na,na,na,Not a Pedestrian,No priority to vehicle,Slight Injury,1,10
Saturday,Unknown,Female,Junior high school,2-5yr,Pick up upto 10Q,Owner,5-10yrs,Other,Undivided Two way,Tangent road with flat terrain,Other,Asphalt roads,Dry,Daylight,Normal,Vehicle with vehicle collision,3,1,Other,na,na,na,na,Not a Pedestrian,Changing lane to the left,Slight Injury,14,20
Saturday,31-50,Male,Junior high school,2-5yr,Other,Owner,Unknown,Other,Undivided Two way,Tangent road with flat terrain,Other,Asphalt roads,Dry,Daylight,Normal,Vehicle with vehicle collision,3,1,Other,Driver or rider,Male,5,3,Not a Pedestrian,Changing lane to the left,Slight Injury,14,20
Saturday,Over 51,Male,Junior high school,2-5yr,Lorry (41?100Q),Owner,, Church areas,Undivided Two way,Tangent road with flat terrain,Other,Asphalt roads,Dry,Daylight,Normal,Collision with roadside objects,3,1,Going straight,na,na,na,na,Not a Pedestrian,Overtaking,Slight Injury,14,20
Tuesday,Unknown,Male,Elementary school,2-5yr,Ridden horse,Owner,1-2yr,Office areas,Undivided Two way,Tangent road with flat terrain,No junction,Asphalt roads,Dry,Daylight,Normal,Vehicle with vehicle collision,2,1,Reversing,Driver or rider,Female,5,3,Not a Pedestrian,No distancing,Slight Injury,13,55
Tuesday,31-50,Male,Junior high school,2-5yr,Automobile,Owner,Above 10yr,School areas,other,Tangent road with flat terrain,No junction,Asphalt roads,Dry,Daylight,Normal,Vehicle with vehicle collision,2,1,Other,Pedestrian,Male,31-50,3,Unknown or other,No priority to vehicle,Slight Injury,13,55
Thursday,18-30,Male,Elementary school,5-10yr,Automobile,Owner,2-5yrs,Other,Undivided Two way,Tangent road with flat terrain,No junction,Asphalt roads,Wet or damp,Daylight,Normal,Vehicle with vehicle collision,4,1,Turnover,Pedestrian,Female,18-30,3,Crossing from nearside - masked by parked or statioNot a Pedestrianry vehicle,Changing lane to the right,Slight Injury,7,30
Thursday,Unknown,Male,Elementary school,2-5yr,Stationwagen,Owner,1-2yr,Office areas,Undivided Two way,Tangent road with flat terrain,No junction,Asphalt roads,Wet or damp,Daylight,Normal,Vehicle with vehicle collision,4,1,Going straight,na,na,na,na,Not a Pedestrian,Changing lane to the left,Slight Injury,7,30
Thursday,Unknown,Male,Junior high school,Above 10yr,Other,Owner,1-2yr,Residential areas,other,Steep grade downward with mountainous terrain,No junction,Asphalt roads,Wet or damp,Daylight,Normal,Vehicle with vehicle collision,4,1,Going straight,Driver or rider,Male,18-30,3,Not a Pedestrian,No distancing,Slight Injury,7,30
Thursday,Unknown,Male,Junior high school,Above 10yr,Lorry (41?100Q),Owner,1-2yr, Industrial areas,One way,Tangent road with flat terrain,No junction,Asphalt roads,Wet or damp,Daylight,Normal,Vehicle with vehicle collision,4,1,Going straight,Driver or rider,Male,31-50,3,Not a Pedestrian,Driving carelessly,Slight Injury,7,30
Wednesday,Unknown,Male,High school,Above 10yr,Lorry (41?100Q),Owner,2-5yrs,Other,Undivided Two way,Tangent road with flat terrain,Y Shape,Asphalt roads,Wet or damp,Daylight,Windy,Vehicle with vehicle collision,2,1,Going straight,na,na,na,na,Not a Pedestrian,No priority to pedestrian,Slight Injury,19,20
Wednesday,18-30,Male,Junior high school,5-10yr,Long lorry,Owner,1-2yr,Residential areas,Undivided Two way,Tangent road with flat terrain,Y Shape,Asphalt roads,Wet or damp,Daylight,Windy,Vehicle with vehicle collision,2,1,Going straight,Driver or rider,Male,18-30,3,Not a Pedestrian,Driving carelessly,Slight Injury,19,20
Tuesday,31-50,Male,Junior high school,2-5yr,Stationwagen,Owner,1-2yr,  Recreational areas,Two-way (divided with broken lines road marking),Tangent road with flat terrain,No junction,Asphalt roads,Dry,Daylight,Normal,Vehicle with vehicle collision,2,2,Going straight,na,na,na,na,Not a Pedestrian,Moving Backward,Slight Injury,20,30
Tuesday,Over 51,Male,Elementary school,1-2yr,Public (12 seats),Owner,Unknown,Office areas,other,Tangent road with flat terrain,No junction,Asphalt roads,Dry,Daylight,Normal,Vehicle with vehicle collision,2,2,Going straight,Driver or rider,Female,31-50,3,Not a Pedestrian,No distancing,Slight Injury,20,30
Wednesday,Under 18,Male,Junior high school,2-5yr,Automobile,Owner,, Outside rural areas,Two-way (divided with broken lines road marking),Tangent road with flat terrain,Crossing,Asphalt roads,Dry,Daylight,Normal,Vehicle with vehicle collision,3,1,Going straight,Driver or rider,Female,18-30,3,Not a Pedestrian,No distancing,Slight Injury,14,40
Wednesday,31-50,Male,Junior high school,5-10yr,Public (12 seats),Owner,1-2yr, Outside rural areas,Two-way (divided with broken lines road marking),Tangent road with flat terrain,Crossing,Asphalt roads,Dry,Daylight,Normal,Collision with roadside objects,3,1,Going straight,Pedestrian,Female,18-30,3,Unknown or other,No distancing,Slight Injury,14,40
Wednesday,31-50,Male,,,Lorry (41?100Q),Owner,1-2yr, Outside rural areas,Undivided Two way,Tangent road with flat terrain,Crossing,Asphalt roads,Dry,Daylight,Normal,Collision with roadside objects,3,1,Other,Driver or rider,Male,18-30,3,Not a Pedestrian,Changing lane to the left,Slight Injury,14,40