Day_of_week,Age_band_of_driver,Sex_of_driver,Educational_level,Driving_experience,Type_of_vehicle,Owner_of_vehicle,Service_year_of_vehicle,Area_accident_occured,Lanes_or_Medians,Road_allignment,Types_of_Junction,Road_surface_type,Road_surface_conditions,Light_conditions,Weather_conditions,Type_of_collision,Number_of_vehicles_involved,Number_of_casualties,Vehicle_movement,Casualty_class,Sex_of_casualty,Age_band_of_casualty,Casualty_severity,Pedestrian_movement,Cause_of_accident,Accident_severity,Hour,Minute
Monday,18-30,Male,Junior high school,5-10yr,Lorry (41?100Q),Owner,,Residential areas,Two-way (divided with broken lines road marking),Tangent road with flat terrain,Y Shape,Asphalt roads,Dry,Daylight,Normal,Vehicle with vehicle collision,2,1,Going straight,Passenger,Male,31-50,3,Not a Pedestrian,Driving carelessly,Slight Injury,17,40
Tuesday,Over 51,Male,High school,5-10yr,Pick up upto 10Q,Owner,5-10yrs,Office areas,Two-way (divided with broken lines road marking),Tangent road with flat terrain,Crossing,Asphalt roads,Wet or damp,Daylight,Raining,Rollover,2,1,Unknown,Passenger,Female,Over 51,3,Not a Pedestrian,Changing lane to the left,Slight Injury,17,45
Tuesday,18-30,Male,Junior high school,5-10yr,Other,Owner,5-10yrs,Residential areas,Undivided Two way,Tangent road with flat terrain,Crossing,Asphalt roads,Wet or damp,Daylight,Raining,Vehicle with vehicle collision,2,1,Turnover,Passenger,Female,31-50,3,Not a Pedestrian,Moving Backward,Slight Injury,17,45
Thursday,18-30,Male,Junior high school,Above 10yr,Lorry (41?100Q),Owner,2-5yrs,Office areas,Double carriageway (median),Tangent road with flat terrain,Crossing,Asphalt roads,Dry,Daylight,Normal,Vehicle with vehicle collision,2,1,Getting off,Passenger,Female,31-50,3,Not a Pedestrian,Overtaking,Slight Injury,8,25
Thursday,31-50,Male,Junior high school,1-2yr,Ridden horse,Owner,2-5yrs,Office areas,Double carriageway (median),Tangent road with flat terrain,Crossing,Asphalt roads,Dry,Daylight,Normal,Vehicle with vehicle collision,2,1,Going straight,Passenger,Female,Over 51,3,Not a Pedestrian,Changing lane to the left,Slight Injury,8,25
Monday,18-30,Male,Junior high school,2-5yr,Automobile,,,Other,Two-way (divided with broken lines road marking),Tangent road with flat terrain,Unknown,Gravel roads,Dry,Daylight,Normal,Collision with pedestrians,2,1,Going straight,na,na,na,na,Not a Pedestrian,Changing lane to the right,Serious Injury,9,5
Monday,31-50,Male,Junior high school,1-2yr,Automobile,Owner,Unknown,Other,Two-way (divided with broken lines road marking),Tangent road with flat terrain,Unknown,Asphalt roads,Dry,Daylight,Normal,Vehicle with vehicle collision,2,1,Going straight,Driver or rider,Male,18-30,3,Not a Pedestrian,Overtaking,Serious Injury,9,5
Sunday,Over 51,Male,,,Stationwagen,Owner,Above 10yr,Residential areas,Two-way (divided with broken lines road marking),Tangent road with flat terrain,Crossing,Asphalt roads,Dry,Darkness - lights lit,Normal,Collision with roadside objects,2,2,Turnover,Driver or rider,Male,Over 51,2,Not a Pedestrian,Overloading,Slight Injury,20,10
Sunday,Over 51,Male,Elementary school,5-10yr,Other,Owner,Unknown, Church areas,Two-way (divided with broken lines road marking),Tangent road with flat terrain,Crossing,Asphalt roads,Dry,Darkness - lights lit,Normal,Vehicle with vehicle collision,2,2,Reversing,Passenger,Male,5,3,Not a Pedestrian,Other,Slight Injury,20,10
Thursday,Over 51,Male,Junior high school,5-10yr,Lorry (41?100Q),Governmental,Unknown, Church areas,Double carriageway (median),Tangent road with flat terrain,No junction,Asphalt roads,Dry,Darkness - lights lit,Normal,Rollover,2,2,Moving Backward,Pedestrian,Male,18-30,3,Unknown or other,No priority to vehicle,Slight Injury,5,55
Thursday,31-50,Male,Junior high school,Above 10yr,Lorry (41?100Q),Owner,2-5yrs,Residential areas,Double carriageway (median),Tangent road with flat terrain,No junction,Asphalt roads,Dry,Darkness - lights lit,Normal,Vehicle with vehicle collision,2,2,Other,Pedestrian,Male,Over 51,3,Not a Pedestrian,Changing lane to the right,Slight Injury,5,55
Friday,31-50,Male,Junior high school,2-5yr,Long lorry,Owner,,Office areas,Two-way (divided with broken lines road marking),Tangent road with mild grade and flat terrain,Y Shape,Asphalt roads,Dry,Darkness - lights lit,Normal,Vehicle with vehicle collision,3,3,Going straight,Pedestrian,Male,31-50,2,Unknown or other,Moving Backward,Serious Injury,20,15
Friday,18-30,Male,Junior high school,Above 10yr,Stationwagen,Owner,5-10yrs,Office areas,Two-way (divided with broken lines road marking),Tangent road with mild grade and flat terrain,Y Shape,Asphalt roads,Dry,Darkness - lights lit,Normal,Vehicle with vehicle collision,3,3,Going straight,Pedestrian,Male,Under 18,3,Crossing from nearside - masked by parked or statioNot a Pedestrianry vehicle,Changing lane to the left,Serious Injury,20,15
Friday,18-30,Male,Junior high school,2-5yr,Public (12 seats),Owner,2-5yrs,Residential areas,Two-way (divided with broken lines road marking),Tangent road with flat terrain,Y Shape,Asphalt roads,Dry,Darkness - lights lit,Normal,Vehicle with vehicle collision,3,3,Going straight,na,na,na,na,Not a Pedestrian,No priority to pedestrian,Serious Injury,20,15
Tuesday,18-30,Male,Elementary school,5-10yr,Automobile,Owner,5-10yrs, Church areas,other,Tangent road with flat terrain,No junction,Asphalt roads,Dry,Darkness - lights lit,Normal,Vehicle with vehicle collision,3,1,Going straight,Driver or rider,Male,31-50,3,Not a Pedestrian,No distancing,Slight Injury,20,35
Tuesday,31-50,Male,Elementary school,5-10yr,Public (12 seats),Owner,,Other,Two-way (divided with broken lines road marking),Tangent road with flat terrain,No junction,Asphalt roads,Dry,Darkness - lights lit,Normal,Collision with roadside objects,3,1,Going straight,na,na,na,na,Not a Pedestrian,No priority to vehicle,Slight Injury,20,35
Tuesday,18-30,Male,Junior high school,5-10yr,Lorry (41?100Q),Owner,,Office areas,Two-way (divided with broken lines road marking),Tangent road with flat terrain,No junction,Asphalt roads,Dry,Darkness - lights lit,Normal,Vehicle with vehicle collision,3,1,Going straight,Pedestrian,Female,18-30,3,Not a Pedestrian,No distancing,Slight Injury,20,35
Monday,18-30,Male,Junior high school,5-10yr,Automobile,Owner,,Other,Two-way (divided with broken lines road marking),Tangent road with flat terrain,No junction,Asphalt roads,Dry,Daylight,Normal,Vehicle with vehicle collision,2,1,Going straight,Passenger,Female,18-30,3,Not a Pedestrian,No distancing,Slight Injury,16,30
Monday,Over 51,Male,Elementary school,Above 10yr,Lorry (41?100Q),Owner,,Other,Two-way (divided with broken lines road marking),Tangent road with flat terrain,No junction,Asphalt roads,Dry,Daylight,Normal,Collision with roadside objects,2,1,Going straight,Passenger,Male,Over 51,3,Not a Pedestrian,Moving Backward,Slight Injury,16,30
Tuesday,Unknown,Male,Junior high school,Below 1yr,Lorry (41?100Q),Owner,,,,Tangent road with flat terrain,No junction,Asphalt roads,Dry,Darkness - lights lit,Normal,Collision with roadside objects,2,1,Going straight,Passenger,Male,Under 18,3,Not a Pedestrian,Changing lane to the right,Serious Injury,20,0
Tuesday,18-30,Male,Junior high school,5-10yr,Pick up upto 10Q,Governmental,2-5yrs,Residential areas,Two-way (divided with broken lines road marking),,No junction,Asphalt roads,Dry,Darkness - lights lit,Normal,Vehicle with vehicle collision,2,1,Other,Pedestrian,Female,18-30,3,Crossing from driver's nearside,No priority to pedestrian,Serious Injury,20,0
Monday,31-50,Male,Elementary school,1-2yr,Other,Owner,Below 1yr, Church areas,Undivided Two way,Tangent road with flat terrain,Y Shape,Asphalt roads,Dry,Daylight,Normal,Vehicle with vehicle collision,1,1,Moving Backward,Pedestrian,Female,Over 51,3,Crossing from nearside - masked by parked or statioNot a Pedestrianry vehicle,Moving Backward,Slight Injury,15,35
Monday,18-30,Male,,,Automobile,,,Other,Undivided Two way,Tangent road with flat terrain,Y Shape,Asphalt roads,Dry,Daylight,Normal,Vehicle with vehicle collision,1,1,Going straight,Driver or rider,Male,31-50,3,Not a Pedestrian,Getting off the vehicle improperly,Serious Injury,15,50
Friday,Under 18,Male,Junior high school,Above 10yr,Automobile,Owner,Unknown,Other,One way,Tangent road with flat terrain,Other,Asphalt roads,Dry,Darkness - lights lit,Normal,Vehicle with vehicle collision,2,1,Moving Backward,na,na,na,na,Not a Pedestrian,Overtaking,Serious Injury,22,0
Friday,18-30,Male,High school,2-5yr,Lorry (11?40Q),Owner,Unknown,Residential areas,Two-way (divided with broken lines road marking),Tangent road with flat terrain,Other,Asphalt roads,Dry,Darkness - lights lit,Normal,Collision with roadside objects,2,1,Going straight,Driver or rider,Male,31-50,3,Not a Pedestrian,Overloading,Serious Injury,22,0
Saturday,18-30,Male,Junior high school,1-2yr,Bajaj,Owner,Unknown,Office areas,One way,Tangent road with flat terrain,Y Shape,Asphalt roads,Dry,Darkness - lights lit,Normal,Vehicle with vehicle collision,1,1,Moving Backward,Driver or rider,Male,31-50,3,Not a Pedestrian,Changing lane to the right,Slight Injury,23,0
Thursday,18-30,Male,Junior high school,1-2yr,Automobile,Owner,Unknown, Industrial areas,Two-way (divided with broken lines road marking),Tangent road with flat terrain,Crossing,Asphalt roads,Dry,Daylight,Normal,Vehicle with vehicle collision,2,2,,na,na,na,na,Not a Pedestrian,Improper parking,Slight Injury,16,15
Thursday,31-50,Male,Above high school,2-5yr,Lorry (41?100Q),Governmental,,Residential areas,Double carriageway (median),Tangent road with flat terrain,Crossing,Other,Dry,Daylight,Normal,Vehicle with vehicle collision,2,2,Going straight,Driver or rider,Male,18-30,3,Not a Pedestrian,Other,Slight Injury,16,15
Monday,Unknown,Female,,,Lorry (11?40Q),Owner,,Office areas,Unknown,Tangent road with flat terrain,No junction,,Dry,Darkness - no lighting,Normal,Vehicle with vehicle collision,1,1,Going straight,na,na,na,na,Not a Pedestrian,Changing lane to the left,Slight Injury,6,45
Thursday,Under 18,Male,Elementary school,2-5yr,Lorry (11?40Q),Owner,2-5yrs,Other,,Tangent road with flat terrain,Y Shape,Asphalt roads,Dry,Daylight,Normal,Vehicle with vehicle collision,2,2,Going straight,Driver or rider,Male,18-30,3,Not a Pedestrian,Changing lane to the right,Slight Injury,15,30
Thursday,Over 51,Male,Junior high school,1-2yr,Automobile,Owner,Unknown, Church areas,other,Tangent road with flat terrain,Y Shape,Asphalt roads,Dry,Daylight,Normal,Vehicle with vehicle collision,2,2,Going straight,Pedestrian,Male,31-50,3,Crossing from nearside - masked by parked or statioNot a Pedestrianry vehicle,No priority to pedestrian,Slight Injury,15,30
Saturday,18-30,Male,,5-10yr,,Owner,Above 10yr, Industrial areas,,Tangent road with flat terrain,Y Shape,Asphalt roads,Dry,Daylight,Normal,Collision with roadside objects,3,1,Other,Driver or rider,Male,18-30,3,Not a Pedestrian,Overspeed,Slight Injury,17,10
Saturday,31-50,Male,Junior high school,Below 1yr,Automobile,Owner,Unknown,  Recreational areas,One way,Tangent road with flat terrain,Y Shape,Asphalt roads,Dry,Daylight,Normal,Vehicle with vehicle collision,3,1,Going straight,Passenger,Female,18-30,3,Not a Pedestrian,Changing lane to the left,Slight Injury,17,10
Saturday,Over 51,Male,Junior high school,2-5yr,Public (13?45 seats),Owner,Unknown,  Market areas,Undivided Two way,Tangent road with flat terrain,Y Shape,Asphalt roads,Dry,Daylight,Normal,Collision with pedestrians,3,1,Moving Backward,na,na,na,na,Not a Pedestrian,No priority to vehicle,Slight Injury,17,10
Monday,18-30,Male,Junior high school,5-10yr,Public (12 seats),Owner,Unknown,Other,Two-way (divided with broken lines road marking),Tangent road with flat terrain,Crossing,Asphalt roads,Dry,Daylight,Normal,Collision with roadside objects,2,3,Moving Backward,Driver or rider,Male,31-50,3,Not a Pedestrian,Changing lane to the right,Slight Injury,13,15
Monday,18-30,Male,Junior high school,Above 10yr,Other,Owner,Unknown,Other,Two-way (divided with broken lines road marking),Tangent road with flat terrain,Crossing,Asphalt roads,Dry,Daylight,Normal,Collision with roadside objects,2,3,Moving Backward,Passenger,Female,18-30,3,Not a Pedestrian,No distancing,Slight Injury,13,15
Monday,31-50,Male,Elementary school,2-5yr,Automobile,Owner,Unknown, Industrial areas,Two-way (divided with broken lines road marking),,Crossing,Asphalt roads,Dry,Daylight,Normal,Vehicle with vehicle collision,2,3,Going straight,na,na,na,na,Not a Pedestrian,No priority to pedestrian,Slight Injury,13,15
Wednesday,Over 51,Male,Elementary school,Above 10yr,Automobile,Governmental,2-5yrs,Other,Two-way (divided with broken lines road marking),Tangent road with flat terrain,No junction,Asphalt roads,Dry,Daylight,Normal,Rollover,2,1,Going straight,Driver or rider,Male,Under 18,2,Not a Pedestrian,No distancing,Slight Injury,11,40
Wednesday,Unknown,Female,Junior high school,1-2yr,Public (13?45 seats),Governmental,,Office areas,other,Tangent road with flat terrain,No junction,Asphalt roads,Dry,Daylight,Normal,Vehicle with vehicle collision,2,1,Going straight,na,na,na,na,Not a Pedestrian,No priority to vehicle,Slight Injury,11,40
Friday,18-30,Male,Junior high school,5-10yr,Public (13?45 seats),Owner,Unknown,,other,Tangent road with flat terrain,No junction,Asphalt roads,Dry,Daylight,Normal,Vehicle with vehicle collision,2,1,Going straight,Passenger,Female,Over 51,3,Not a Pedestrian,Other,Slight Injury,8,50
Friday,31-50,Male,Junior high school,2-5yr,Automobile,Owner,,Office areas,Two-way (divided with broken lines road marking),Tangent road with flat terrain,No junction,Asphalt roads,Dry,Daylight,Normal,Vehicle with vehicle collision,2,1,Other,Driver or rider,Male,31-50,3,Not a Pedestrian,Driving carelessly,Slight Injury,8,50
Thursday,Under 18,Male,Junior high school,2-5yr,Other,Owner,,Office areas,Undivided Two way,Tangent road with flat terrain,Y Shape,Other,Dry,Daylight,Normal,Vehicle with vehicle collision,2,1,Going straight,na,na,na,na,Not a Pedestrian,Changing lane to the left,Slight Injury,14,20
Thursday,31-50,Male,Junior high school,2-5yr,Pick up upto 10Q,Organization,Unknown,Other,other,Tangent road with flat terrain,Y Shape,Asphalt roads,Dry,Daylight,Normal,Vehicle with vehicle collision,2,1,Going straight,Pedestrian,Female,31-50,2,Unknown or other,Driving carelessly,Slight Injury,14,20
Thursday,18-30,Male,Junior high school,2-5yr,Lorry (41?100Q),Governmental,2-5yrs,Other,other,Tangent road with flat terrain,No junction,Asphalt roads,Dry,Daylight,Normal,Vehicle with vehicle collision,2,1,Going straight,na,na,na,na,Not a Pedestrian,Changing lane to the left,Slight Injury,17,30
Thursday,31-50,Male,Junior high school,Above 10yr,Automobile,Owner,Unknown,Other,Undivided Two way,Tangent road with flat terrain,No junction,Asphalt roads,Dry,Daylight,Normal,Vehicle with vehicle collision,2,1,Reversing,Driver or rider,Female,31-50,3,Not a Pedestrian,No priority to vehicle,Slight Injury,17,30
Friday,Under 18,Male,Junior high school,Above 10yr,Automobile,Owner,Above 10yr,Other,other,Tangent road with flat terrain,Y Shape,Asphalt roads,Wet or damp,Daylight,Raining,Vehicle with vehicle collision,2,1,Moving Backward,Driver or rider,Male,18-30,3,Not a Pedestrian,No distancing,Slight Injury,7,30
Friday,18-30,Male,Elementary school,5-10yr,Lorry (41?100Q),,,Residential areas,Undivided Two way,Tangent road with flat terrain,Y Shape,Asphalt roads,Wet or damp,Daylight,Raining,Collision with roadside objects,2,1,Going straight,na,na,na,na,Not a Pedestrian,Changing lane to the right,Slight Injury,7,30
Wednesday,Unknown,Female,,,,Owner,2-5yrs, Church areas,Undivided Two way,Tangent road with flat terrain,Y Shape,Asphalt roads,Wet or damp,Darkness - lights lit,Raining,Vehicle with vehicle collision,2,1,Going straight,Driver or rider,Male,31-50,2,Not a Pedestrian,Changing lane to the right,Slight Injury,4,35
Wednesday,18-30,Male,,2-5yr,Other,Owner,2-5yrs,Office areas,Double carriageway (median),Tangent road with flat terrain,Y Shape,Asphalt roads,Wet or damp,Darkness - lights lit,Raining,Vehicle with vehicle collision,2,1,Reversing,na,na,na,na,Not a Pedestrian,Driving at high speed,Slight Injury,4,35
Saturday,18-30,Male,Elementary school,5-10yr,Automobile,Owner,2-5yrs, Church areas,other,Tangent road with flat terrain,Crossing,Asphalt roads,Wet or damp,Daylight,Raining,Vehicle with vehicle collision,2,1,Going straight,Driver or rider,Male,31-50,3,Not a Pedestrian,No distancing,Slight Injury,10,40
Saturday,31-50,Male,Junior high school,5-10yr,Automobile,Owner,2-5yrs,Other,Two-way (divided with broken lines road marking),Tangent road with flat terrain,Crossing,Asphalt roads,Wet or damp,Daylight,Raining,Vehicle with vehicle collision,2,1,Reversing,na,na,na,na,Not a Pedestrian,Changing lane to the right,Slight Injury,10,40
Friday,18-30,Male,Junior high school,Above 10yr,Automobile,Owner,Above 10yr,Residential areas,,Tangent road with flat terrain,No junction,Other,Wet or damp,Darkness - lights lit,Raining,Collision with pedestrians,2,1,Other,Pedestrian,Female,31-50,3,Crossing from nearside - masked by parked or statioNot a Pedestrianry vehicle,Changing lane to the left,Slight Injury,17,45
Friday,Over 51,Male,Junior high school,5-10yr,Automobile,Owner,5-10yrs,Office areas,Undivided Two way,Tangent road with flat terrain,No junction,Asphalt roads,Wet or damp,Darkness - lights lit,Raining,Vehicle with vehicle collision,2,1,,na,na,na,na,Not a Pedestrian,Getting off the vehicle improperly,Slight Injury,17,45
Friday,18-30,Male,Junior high school,Above 10yr,Lorry (41?100Q),Owner,,  Recreational areas,other,,Y Shape,Asphalt roads,Wet or damp,Daylight,Raining,Vehicle with vehicle collision,3,1,Going straight,Driver or rider,Male,31-50,3,Not a Pedestrian,Other,Slight Injury,13,15
Friday,Over 51,Male,Elementary school,Below 1yr,Other,Governmental,,Office areas,other,Tangent road with mild grade and flat terrain,Y Shape,,Wet or damp,Daylight,Raining,Vehicle with vehicle collision,3,1,Going straight,na,na,na,na,Not a Pedestrian,Other,Slight Injury,13,15
Friday,18-30,Male,Elementary school,5-10yr,Pick up upto 10Q,Owner,5-10yrs, Industrial areas,other,Tangent road with flat terrain,Y Shape,Asphalt roads,Wet or damp,Daylight,Raining,Vehicle with vehicle collision,3,1,Going straight,Driver or rider,Male,31-50,3,Not a Pedestrian,No distancing,Slight Injury,13,15
Wednesday,18-30,Male,Elementary school,1-2yr,Stationwagen,,,,,,Crossing,Asphalt roads,Dry,Darkness - lights lit,Normal,Vehicle with vehicle collision,2,1,Going straight,na,na,na,na,Not a Pedestrian,No priority to vehicle,Slight Injury,1,25
Wednesday,31-50,Male,Elementary school,5-10yr,Other,Owner,,Residential areas,Undivided Two way,Tangent road with flat terrain,Crossing,Asphalt roads,Dry,Darkness - lights lit,Normal,Vehicle with vehicle collision,2,1,Going straight,Driver or rider,Male,18-30,3,Not a Pedestrian,Overtaking,Slight Injury,1,25
Wednesday,Over 51,Male,Elementary school,5-10yr,Pick up upto 10Q,Governmental,Above 10yr,Residential areas,other,Tangent road with flat terrain,No junction,Earth roads,Dry,Darkness - lights lit,Normal,Collision with roadside objects,1,1,Going straight,Pedestrian,Male,18-30,3,Not a Pedestrian,No priority to pedestrian,Slight Injury,17,55
Wednesday,18-30,Male,Elementary school,2-5yr,Stationwagen,Owner,1-2yr, Industrial areas,other,Tangent road with flat terrain,Y Shape,Asphalt roads,Wet or damp,Darkness - lights lit,Normal,Vehicle with vehicle collision,2,1,Going straight,Pedestrian,Male,Over 51,3,Crossing from nearside - masked by parked or statioNot a Pedestrianry vehicle,No distancing,Slight Injury,19,55
Wednesday,18-30,Male,Elementary school,5-10yr,Lorry (41?100Q),Owner,2-5yrs,Residential areas,Undivided Two way,Tangent road with flat terrain,Y Shape,Asphalt roads,Wet or damp,Darkness - lights lit,Normal,Vehicle with vehicle collision,2,1,Going straight,na,na,na,na,Not a Pedestrian,Changing lane to the right,Slight Injury,19,55
Sunday,18-30,Male,,5-10yr,Automobile,Owner,Unknown,Residential areas,other,Tangent road with flat terrain,Y Shape,Asphalt roads,Wet or damp,Daylight,Normal,Vehicle with vehicle collision,2,1,Going straight,Driver or rider,Male,18-30,3,Not a Pedestrian,Driving carelessly,Slight Injury,11,0
Sunday,18-30,Male,Junior high school,Above 10yr,,Owner,,Office areas,Undivided Two way,Tangent road with flat terrain,Y Shape,Asphalt roads,Wet or damp,Daylight,Normal,Vehicle with vehicle collision,2,1,Going straight,na,na,na,na,Not a Pedestrian,Changing lane to the right,Slight Injury,11,0
Wednesday,Under 18,Unknown,Junior high school,Above 10yr,Automobile,Owner,2-5yrs,Office areas,Double carriageway (median),Escarpments,Crossing,Asphalt roads,Wet or damp,Darkness - lights lit,Normal,Vehicle with vehicle collision,2,2,Going straight,Driver or rider,Male,31-50,3,Not a Pedestrian,Overtaking,Slight Injury,20,5
Wednesday,31-50,Male,Elementary school,Below 1yr,Automobile,Owner,Above 10yr,Office areas,other,Tangent road with flat terrain,Crossing,Asphalt roads,Wet or damp,Darkness - lights lit,Normal,Vehicle with vehicle collision,2,2,Going straight,na,na,na,na,Not a Pedestrian,Other,Slight Injury,20,5
Wednesday,Unknown,Female,Elementary school,5-10yr,Turbo,Owner,1-2yr,Office areas,Undivided Two way,Escarpments,Y Shape,Asphalt roads,Dry,Darkness - lights lit,Cloudy,Vehicle with vehicle collision,2,1,Going straight,Driver or rider,Male,18-30,3,Not a Pedestrian,Driving to the left,Serious Injury,18,45
Wednesday,Over 51,Male,Elementary school,5-10yr,,Owner,,Office areas,One way,Tangent road with flat terrain,Y Shape,Asphalt roads,Dry,Darkness - lights lit,Cloudy,Vehicle with vehicle collision,2,1,Going straight,Pedestrian,Female,18-30,3,"In carriageway, statioNot a Pedestrianry - not crossing  (standing or playing)",Driving at high speed,Serious Injury,18,45
Saturday,18-30,Male,Elementary school,2-5yr,Stationwagen,Owner,,Office areas,Undivided Two way,Tangent road with flat terrain,Y Shape,Asphalt roads,Dry,Daylight,Normal,Rollover,3,2,Going straight,Driver or rider,Male,Under 18,3,Not a Pedestrian,Unknown,Slight Injury,11,5
Saturday,Over 51,Male,Elementary school,Above 10yr,Automobile,Owner,,Office areas,other,Tangent road with flat terrain,Y Shape,Asphalt roads,Dry,Daylight,Normal,Vehicle with vehicle collision,3,2,Moving Backward,Passenger,Male,Under 18,3,Not a Pedestrian,Changing lane to the right,Slight Injury,11,5
Saturday,Over 51,Male,Elementary school,2-5yr,Automobile,Owner,Above 10yr,Residential areas,other,Tangent road with flat terrain,Y Shape,Asphalt roads,Dry,Daylight,Normal,Vehicle with vehicle collision,3,2,Going straight,na,na,na,na,Not a Pedestrian,No distancing,Slight Injury,11,5
Saturday,18-30,Male,Junior high school,Above 10yr,Automobile,Owner,5-10yrs,Residential areas,One way,Tangent road with flat terrain,Y Shape,Asphalt roads,Dry,Daylight,Normal,Vehicle with vehicle collision,3,2,Going straight,na,na,na,na,Not a Pedestrian,Other,Slight Injury,11,5
Wednesday,Unknown,Female,Junior high school,Below 1yr,Pick up upto 10Q,Owner,,Other,One way,Tangent road with flat terrain,No junction,Asphalt roads,Wet or damp,Darkness - lights lit,Normal,Collision with roadside objects,1,1,Going straight,Passenger,Female,31-50,3,Not a Pedestrian,No priority to vehicle,Serious Injury,17,10
Wednesday,31-50,Male,Junior high school,2-5yr,Lorry (41?100Q),Owner,5-10yrs, Church areas,Undivided Two way,Tangent road with flat terrain,Crossing,Asphalt roads,Wet or damp,Daylight,Raining,Vehicle with vehicle collision,2,1,,na,na,na,na,Not a Pedestrian,Changing lane to the left,Slight Injury,7,30
Wednesday,31-50,Male,Elementary school,5-10yr,Lorry (41?100Q),Owner,,  Recreational areas,other,Tangent road with flat terrain,Crossing,Asphalt roads,Wet or damp,Daylight,Raining,Vehicle with vehicle collision,2,1,Turnover,Pedestrian,Male,31-50,2,Crossing from nearside - masked by parked or statioNot a Pedestrianry vehicle,No priority to pedestrian,Slight Injury,7,30
Wednesday,31-50,Male,Elementary school,5-10yr,Automobile,Owner,, Industrial areas,Undivided Two way,Tangent road with flat terrain,Crossing,Asphalt roads,Wet or damp,Darkness - lights lit,Raining,Vehicle with vehicle collision,2,1,Going straight,Passenger,Female,18-30,3,Not a Pedestrian,Overtaking,Slight Injury,18,35
Wednesday,31-50,Male,Elementary school,1-2yr,Lorry (41?100Q),,,Residential areas,other,,Crossing,Asphalt roads,Wet or damp,Darkness - lights lit,Raining,Collision with roadside objects,2,1,Going straight,Passenger,Male,18-30,3,Not a Pedestrian,Driving carelessly,Slight Injury,18,35
Sunday,31-50,Male,Elementary school,,Lorry (41?100Q),Owner,Above 10yr,Residential areas,other,Tangent road with rolling terrain,Y Shape,Earth roads,Dry,Daylight,Normal,Vehicle with vehicle collision,2,1,Going straight,na,na,na,na,Not a Pedestrian,No priority to vehicle,Slight Injury,13,5
Sunday,Over 51,Male,Junior high school,1-2yr,Lorry (41?100Q),Owner,2-5yrs,Office areas,Double carriageway (median),Tangent road with flat terrain,Y Shape,Asphalt roads,Dry,Daylight,Normal,Vehicle with vehicle collision,2,1,Going straight,Driver or rider,Male,Under 18,3,Not a Pedestrian,No priority to pedestrian,Slight Injury,13,5
Tuesday,31-50,Male,,5-10yr,Lorry (41?100Q),Owner,2-5yrs,  Market areas,Undivided Two way,Tangent road with flat terrain,Y Shape,Asphalt roads,Wet or damp,Darkness - lights lit,Raining,Vehicle with vehicle collision,1,1,Going straight,na,na,na,na,Not a Pedestrian,Changing lane to the right,Slight Injury,16,40
Wednesday,31-50,Male,Elementary school,1-2yr,Automobile,,,Unknown,other,Tangent road with flat terrain,Y Shape,Asphalt roads,Wet or damp,Daylight,Raining,Vehicle with vehicle collision,1,1,Going straight,na,na,na,na,Not a Pedestrian,Driving carelessly,Slight Injury,8,20
Wednesday,31-50,Female,Junior high school,5-10yr,Automobile,Owner,, Industrial areas,other,Tangent road with flat terrain,Y Shape,Asphalt roads,Wet or damp,Darkness - lights lit,Raining,Collision with roadside objects,2,1,Going straight,Driver or rider,Male,31-50,3,Not a Pedestrian,Changing lane to the right,Serious Injury,16,5
Wednesday,18-30,Male,Junior high school,2-5yr,Automobile,Owner,,Residential areas,Two-way (divided with solid lines road marking),Tangent road with flat terrain,Y Shape,Asphalt roads,Wet or damp,Darkness - lights lit,Raining,Vehicle with vehicle collision,2,1,Going straight,na,na,na,na,Not a Pedestrian,Changing lane to the right,Serious Injury,16,5
Saturday,31-50,Male,Junior high school,2-5yr,Public (13?45 seats),Governmental,Below 1yr,Residential areas,Undivided Two way,Tangent road with flat terrain,No junction,Asphalt roads,Wet or damp,Darkness - lights lit,Windy,Vehicle with vehicle collision,1,1,Going straight,Driver or rider,Male,18-30,2,Not a Pedestrian,Changing lane to the left,Serious Injury,22,35
Saturday,31-50,Male,Junior high school,5-10yr,Automobile,Owner,5-10yrs,Other,Undivided Two way,Tangent road with flat terrain,Y Shape,Asphalt roads,Wet or damp,Daylight,Normal,Vehicle with vehicle collision,2,3,Turnover,Driver or rider,Male,18-30,3,Not a Pedestrian,Overturning,Slight Injury,13,55
Saturday,18-30,Male,Junior high school,Below 1yr,Public (13?45 seats),Governmental,,Residential areas,other,Tangent road with flat terrain,Y Shape,Asphalt roads,Wet or damp,Daylight,Normal,Vehicle with vehicle collision,2,3,,na,na,na,na,Not a Pedestrian,Driving carelessly,Slight Injury,13,55
Saturday,18-30,Male,High school,Below 1yr,Public (13?45 seats),Owner,1-2yr,Rural village areas,Undivided Two way,Gentle horizontal curve,Y Shape,Asphalt roads,Wet or damp,Daylight,Normal,Vehicle with vehicle collision,2,3,Reversing,na,na,na,na,Not a Pedestrian,No distancing,Slight Injury,13,55
Saturday,18-30,Male,Junior high school,,Automobile,Owner,2-5yrs,Rural village areas,Undivided Two way,Gentle horizontal curve,Unknown,Asphalt roads,Dry,Daylight,Cloudy,Collision with pedestrians,2,2,Other,Driver or rider,Female,31-50,3,Not a Pedestrian,Driving carelessly,Slight Injury,13,50
Saturday,18-30,Male,Junior high school,Below 1yr,Lorry (11?40Q),Owner,,Office areas,Double carriageway (median),Tangent road with flat terrain,Unknown,Earth roads,Dry,Daylight,Cloudy,Vehicle with vehicle collision,2,2,Going straight,Driver or rider,Male,18-30,3,Not a Pedestrian,Changing lane to the left,Slight Injury,13,50