Day_of_week,Age_band_of_driver,Sex_of_driver,Educational_level,Driving_experience,Type_of_vehicle,Owner_of_vehicle,Service_year_of_vehicle,Area_accident_occured,Lanes_or_Medians,Road_allignment,Types_of_Junction,Road_surface_type,Road_surface_conditions,Light_conditions,Weather_conditions,Type_of_collision,Number_of_vehicles_involved,Number_of_casualties,Vehicle_movement,Casualty_class,Sex_of_casualty,Age_band_of_casualty,Casualty_severity,Pedestrian_movement,Cause_of_accident,Accident_severity,Hour,Minute
Friday,18-30,Male,Illiterate,unknown,Stationwagen,Owner,5-10yrs,,Two-way (divided with broken lines road marking),Tangent road with flat terrain,Crossing,Asphalt roads,Dry,Daylight,Normal,Vehicle with vehicle collision,2,1,Going straight,Driver or rider,Male,18-30,3,Not a Pedestrian,No distancing,Slight Injury,7,40
Friday,31-50,Male,Junior high school,5-10yr,Lorry (41?100Q),Owner,Unknown,Other,other,Tangent road with flat terrain,Crossing,Asphalt roads,Dry,Daylight,Normal,Vehicle with vehicle collision,2,1,Going straight,na,na,na,na,Not a Pedestrian,No distancing,Slight Injury,7,40
Saturday,18-30,Male,Junior high school,1-2yr,Taxi,Owner,Unknown,Office areas,,Steep grade downward with mountainous terrain,No junction,Asphalt roads,Dry,Darkness - lights lit,Normal,Vehicle with vehicle collision,3,1,Going straight,na,na,na,na,Not a Pedestrian,No priority to pedestrian,Slight Injury,22,30
Saturday,31-50,Male,Junior high school,2-5yr,Automobile,Governmental,Unknown,School areas,Double carriageway (median),Tangent road with flat terrain,No junction,Asphalt roads,Dry,Darkness - lights lit,Normal,Vehicle with vehicle collision,3,1,Going straight,Driver or rider,Female,18-30,3,Not a Pedestrian,Driving carelessly,Slight Injury,22,30
Saturday,31-50,Male,Junior high school,Above 10yr,Long lorry,Owner,Unknown,Other,Two-way (divided with broken lines road marking),Steep grade downward with mountainous terrain,No junction,Asphalt roads,Dry,Darkness - lights lit,Normal,Vehicle with vehicle collision,3,1,Other,Passenger,Female,31-50,2,Not a Pedestrian,Changing lane to the right,Slight Injury,22,30
Friday,31-50,Male,Junior high school,5-10yr,Automobile,Owner,5-10yrs,Other,Two-way (divided with broken lines road marking),Tangent road with rolling terrain,Y Shape,Asphalt roads,Dry,Daylight,Normal,Collision with roadside objects,3,3,Going straight,Driver or rider,Male,31-50,3,Not a Pedestrian,Changing lane to the left,Slight Injury,20,10
Friday,31-50,Male,High school,1-2yr,Public (12 seats),Governmental,Unknown, Church areas,Two-way (divided with broken lines road marking),Tangent road with flat terrain,Y Shape,Asphalt roads,Dry,Daylight,Normal,Vehicle with vehicle collision,3,3,Going straight,na,na,na,na,Not a Pedestrian,Driving carelessly,Slight Injury,20,10
Friday,31-50,Male,Junior high school,Above 10yr,Lorry (11?40Q),,,Office areas,,Tangent road with mild grade and flat terrain,Y Shape,Asphalt roads,Dry,Daylight,Normal,Collision with pedestrians,3,3,Going straight,Driver or rider,Male,18-30,3,Not a Pedestrian,Driving carelessly,Slight Injury,20,10
Friday,31-50,Male,Junior high school,1-2yr,Pick up upto 10Q,Owner,,Other,Two-way (divided with broken lines road marking),Tangent road with mild grade and flat terrain,Y Shape,Asphalt roads,Dry,Daylight,Normal,Vehicle with vehicle collision,3,3,Going straight,na,na,na,na,Not a Pedestrian,No distancing,Slight Injury,20,10
Tuesday,18-30,Male,Junior high school,2-5yr,Lorry (41?100Q),Governmental,,Residential areas,Double carriageway (median),Tangent road with flat terrain,Y Shape,Asphalt roads,Dry,Daylight,Normal,Collision with roadside objects,1,1,Going straight,na,na,na,na,Not a Pedestrian,Other,Serious Injury,12,50
Saturday,Unknown,Female,Junior high school,Above 10yr,Other,Owner,,Office areas,Two-way (divided with broken lines road marking),Tangent road with flat terrain,No junction,Asphalt roads,Dry,Darkness - lights lit,Normal,Vehicle with vehicle collision,1,1,Going straight,Driver or rider,Male,18-30,3,Not a Pedestrian,Changing lane to the right,Serious Injury,2,35
Tuesday,31-50,Male,Junior high school,2-5yr,Automobile,Owner,,Office areas,Undivided Two way,Tangent road with flat terrain,Crossing,Asphalt roads,Dry,Daylight,Normal,Vehicle with vehicle collision,2,1,Going straight,Pedestrian,Male,31-50,3,Unknown or other,Changing lane to the right,Serious Injury,20,15
Tuesday,31-50,Male,Elementary school,5-10yr,Long lorry,Owner,Below 1yr,Office areas,Two-way (divided with broken lines road marking),Tangent road with flat terrain,Crossing,Asphalt roads,Dry,Daylight,Normal,Vehicle with vehicle collision,2,1,Other,Passenger,Male,Over 51,3,Not a Pedestrian,No distancing,Serious Injury,20,15
Tuesday,18-30,Male,,,Lorry (11?40Q),Organization,1-2yr, Church areas,,Tangent road with flat terrain,Y Shape,Asphalt roads,Dry,Daylight,Normal,Vehicle with vehicle collision,2,1,Going straight,Pedestrian,Female,18-30,2,Not a Pedestrian,No distancing,Slight Injury,18,40
Tuesday,18-30,Male,Elementary school,1-2yr,Long lorry,Owner,,Office areas,Two-way (divided with broken lines road marking),Tangent road with flat terrain,Y Shape,Asphalt roads,Dry,Daylight,Normal,Vehicle with vehicle collision,2,1,Going straight,na,na,na,na,Not a Pedestrian,Overturning,Slight Injury,18,40
Thursday,Over 51,Male,Elementary school,5-10yr,Automobile,Owner,1-2yr,Office areas,Two-way (divided with broken lines road marking),Tangent road with mild grade and flat terrain,No junction,Asphalt roads,Dry,Daylight,Normal,Rollover,2,1,Going straight,Driver or rider,Male,18-30,2,Not a Pedestrian,Driving at high speed,Slight Injury,7,30
Thursday,31-50,Male,Elementary school,5-10yr,Taxi,Owner,,Office areas,Two-way (divided with broken lines road marking),Tangent road with mild grade and flat terrain,No junction,Asphalt roads,Dry,Daylight,Normal,Collision with roadside objects,2,1,Going straight,Pedestrian,Female,18-30,3,Not a Pedestrian,No priority to vehicle,Slight Injury,7,30
Thursday,31-50,Male,Junior high school,1-2yr,Taxi,Owner,5-10yrs,Office areas,Two-way (divided with broken lines road marking),Tangent road with flat terrain,Crossing,Asphalt roads,Dry,Daylight,Normal,Vehicle with vehicle collision,1,1,Going straight,na,na,na,na,Not a Pedestrian,No priority to pedestrian,Serious Injury,20,0
Tuesday,18-30,Male,Junior high school,5-10yr,Long lorry,Owner,,Other,Two-way (divided with broken lines road marking),Tangent road with flat terrain,Y Shape,Asphalt roads,Dry,Daylight,Normal,Collision with roadside objects,6,2,Going straight,Driver or rider,Male,18-30,3,Not a Pedestrian,No priority to vehicle,Serious Injury,9,25
Tuesday,18-30,Male,Junior high school,5-10yr,Lorry (11?40Q),Owner,,Residential areas,Double carriageway (median),Tangent road with flat terrain,Y Shape,Asphalt roads,Dry,Daylight,Normal,Vehicle with vehicle collision,6,2,Going straight,na,na,na,na,Not a Pedestrian,Other,Serious Injury,9,25
Tuesday,31-50,Male,Junior high school,2-5yr,Lorry (11?40Q),Owner,, Church areas,Undivided Two way,Tangent road with flat terrain,Y Shape,Asphalt roads,Dry,Daylight,Normal,Vehicle with vehicle collision,6,2,Going straight,na,na,na,na,Not a Pedestrian,Other,Serious Injury,9,25
Tuesday,Over 51,Male,Junior high school,1-2yr,Long lorry,Owner,,Other,Two-way (divided with broken lines road marking),Tangent road with flat terrain,Y Shape,Asphalt roads,Dry,Daylight,Normal,Vehicle with vehicle collision,6,2,Going straight,Driver or rider,Male,31-50,3,Not a Pedestrian,Moving Backward,Serious Injury,9,25
Tuesday,31-50,Male,Junior high school,5-10yr,Turbo,Owner,,  Recreational areas,Two-way (divided with broken lines road marking),Tangent road with flat terrain,Y Shape,Asphalt roads,Dry,Daylight,Normal,Vehicle with vehicle collision,6,2,Moving Backward,Driver or rider,Male,31-50,3,Not a Pedestrian,No distancing,Serious Injury,9,25
Tuesday,Over 51,Male,Junior high school,Below 1yr,Long lorry,,,,,Tangent road with flat terrain,Y Shape,Asphalt roads,Dry,Daylight,Normal,Vehicle with vehicle collision,6,2,Going straight,na,na,na,na,Not a Pedestrian,Moving Backward,Serious Injury,9,25
Wednesday,18-30,Male,Junior high school,5-10yr,Long lorry,Owner,Unknown, Industrial areas,Undivided Two way,Tangent road with mild grade and flat terrain,Y Shape,Asphalt roads,Dry,Daylight,Normal,Collision with roadside objects,2,2,Going straight,Driver or rider,Male,31-50,3,Not a Pedestrian,No priority to vehicle,Slight Injury,13,25
Wednesday,18-30,Male,Junior high school,5-10yr,Public (13?45 seats),Owner,,Other,Two-way (divided with broken lines road marking),Tangent road with flat terrain,Y Shape,Asphalt roads,Dry,Daylight,Normal,Vehicle with vehicle collision,2,2,Going straight,na,na,na,na,Not a Pedestrian,Driving carelessly,Slight Injury,13,25
Wednesday,18-30,Male,,5-10yr,Automobile,Owner,Unknown,Other,other,Tangent road with flat terrain,Y Shape,Asphalt roads,Dry,Daylight,Normal,Collision with roadside objects,2,2,Going straight,na,na,na,na,Not a Pedestrian,No distancing,Slight Injury,13,25
Friday,18-30,Male,Junior high school,5-10yr,Automobile,Owner,5-10yrs, Church areas,other,Tangent road with flat terrain,No junction,,Dry,Daylight,Normal,Vehicle with vehicle collision,1,1,Moving Backward,Driver or rider,Male,31-50,2,Not a Pedestrian,Other,Slight Injury,17,5
Wednesday,31-50,Male,High school,2-5yr,Pick up upto 10Q,Owner,5-10yrs, Church areas,Undivided Two way,Tangent road with flat terrain,No junction,Asphalt roads,Dry,Daylight,Normal,Vehicle with vehicle collision,2,1,Going straight,na,na,na,na,Not a Pedestrian,Changing lane to the right,Serious Injury,7,5
Wednesday,31-50,Male,Above high school,5-10yr,,Owner,,Other,Two-way (divided with broken lines road marking),Tangent road with flat terrain,No junction,Asphalt roads,Dry,Daylight,Normal,Vehicle with vehicle collision,2,1,Other,Driver or rider,Male,18-30,3,Not a Pedestrian,No distancing,Serious Injury,7,5
Friday,18-30,Male,Junior high school,Above 10yr,Stationwagen,Owner,,Other,One way,Tangent road with flat terrain,Crossing,Asphalt roads,Dry,Daylight,Normal,Vehicle with vehicle collision,2,1,Other,Driver or rider,Male,Under 18,3,Not a Pedestrian,Driving carelessly,Serious Injury,19,20
Friday,18-30,Male,Junior high school,Below 1yr,,Governmental,2-5yrs,  Recreational areas,Two-way (divided with broken lines road marking),Tangent road with flat terrain,Crossing,Asphalt roads,Dry,Daylight,Normal,Vehicle with vehicle collision,2,1,Going straight,Pedestrian,Male,Under 18,3,Crossing from nearside - masked by parked or statioNot a Pedestrianry vehicle,No distancing,Serious Injury,19,20
Sunday,18-30,Male,Elementary school,5-10yr,Automobile,Owner,2-5yrs,Other,Undivided Two way,Tangent road with flat terrain,Crossing,Asphalt roads,Dry,Daylight,Normal,Vehicle with vehicle collision,2,1,Going straight,Driver or rider,Male,18-30,3,Not a Pedestrian,No priority to vehicle,Slight Injury,16,10
Sunday,Over 51,Male,Elementary school,2-5yr,Automobile,Owner,5-10yrs,Office areas,Undivided Two way,Tangent road with flat terrain,Crossing,Asphalt roads,Dry,Daylight,Normal,Vehicle with vehicle collision,2,1,Going straight,na,na,na,na,Not a Pedestrian,Changing lane to the right,Slight Injury,16,10
Saturday,18-30,Male,Junior high school,2-5yr,Long lorry,Owner,5-10yrs, Church areas,Two-way (divided with broken lines road marking),Tangent road with flat terrain,No junction,Asphalt roads,Dry,Daylight,Normal,Vehicle with vehicle collision,3,2,Going straight,Driver or rider,Male,31-50,3,Not a Pedestrian,No priority to pedestrian,Slight Injury,18,0
Saturday,Over 51,Male,Junior high school,1-2yr,Public (13?45 seats),Owner,2-5yrs,Office areas,Two-way (divided with broken lines road marking),Tangent road with flat terrain,No junction,Asphalt roads,Dry,Daylight,Normal,Vehicle with vehicle collision,3,2,Other,na,na,na,na,Not a Pedestrian,No priority to vehicle,Slight Injury,18,0
Saturday,31-50,Male,Junior high school,2-5yr,Public (13?45 seats),,,Office areas,Undivided Two way,Tangent road with mountainous terrain and,No junction,Asphalt roads,Dry,Daylight,Normal,Vehicle with vehicle collision,3,2,Going straight,Passenger,Female,Over 51,3,Not a Pedestrian,Changing lane to the left,Slight Injury,18,0
Thursday,31-50,Male,Junior high school,2-5yr,Lorry (11?40Q),Owner,2-5yrs,Other,Undivided Two way,Tangent road with flat terrain,O Shape,Asphalt roads,Dry,Daylight,Normal,Vehicle with vehicle collision,1,1,Getting off,Driver or rider,Male,18-30,3,Not a Pedestrian,Turnover,Slight Injury,8,15
Tuesday,31-50,Male,Junior high school,Above 10yr,Lorry (11?40Q),Governmental,,Residential areas,Two-way (divided with broken lines road marking),Tangent road with flat terrain,Y Shape,Asphalt roads,Dry,Daylight,Normal,Rollover,1,1,Going straight,Passenger,Female,18-30,3,Not a Pedestrian,Driving to the left,Slight Injury,11,0
Wednesday,Over 51,Male,High school,Below 1yr,Pick up upto 10Q,Owner,2-5yrs,Office areas,Two-way (divided with broken lines road marking),Tangent road with mild grade and flat terrain,No junction,Asphalt roads,Dry,Daylight,Normal,Collision with roadside objects,2,2,Going straight,Driver or rider,Male,18-30,3,Not a Pedestrian,Driving carelessly,Slight Injury,17,40
Wednesday,18-30,Male,Junior high school,2-5yr,Automobile,Owner,2-5yrs,Residential areas,other,Tangent road with flat terrain,No junction,Asphalt roads,Dry,Daylight,Normal,Vehicle with vehicle collision,2,2,Going straight,Passenger,Female,18-30,3,Not a Pedestrian,Driving to the left,Slight Injury,17,40
Wednesday,18-30,Male,High school,Above 10yr,Automobile,Owner,Unknown,Residential areas,Two-way (divided with broken lines road marking),Tangent road with flat terrain,No junction,Asphalt roads,Dry,Daylight,Normal,Vehicle with vehicle collision,2,2,Going straight,na,na,na,na,Not a Pedestrian,Driving carelessly,Slight Injury,17,40
Sunday,Over 51,Male,Junior high school,Above 10yr,Automobile,Owner,,Other,Double carriageway (median),Tangent road with flat terrain,Y Shape,Asphalt roads,Dry,Daylight,Normal,Collision with roadside objects,1,1,Going straight,Driver or rider,Male,31-50,3,Not a Pedestrian,No priority to pedestrian,Slight Injury,20,0
Wednesday,18-30,Male,High school,5-10yr,Long lorry,Owner,, Hospital areas,One way,Tangent road with flat terrain,Y Shape,Asphalt roads,Dry,Daylight,Normal,Vehicle with vehicle collision,2,1,Going straight,Driver or rider,Male,18-30,2,Not a Pedestrian,Driving carelessly,Slight Injury,10,45
Wednesday,Under 18,Male,Junior high school,Above 10yr,Long lorry,Governmental,,Other,Undivided Two way,Tangent road with flat terrain,Y Shape,Asphalt roads,Dry,Daylight,Normal,Vehicle with vehicle collision,2,1,Moving Backward,na,na,na,na,Not a Pedestrian,Changing lane to the right,Slight Injury,10,45
Wednesday,18-30,Male,Junior high school,1-2yr,Automobile,Owner,,Other,Undivided Two way,Tangent road with flat terrain,No junction,Asphalt roads,Dry,Daylight,Normal,Vehicle with vehicle collision,1,1,Going straight,na,na,na,na,Not a Pedestrian,Moving Backward,Serious Injury,6,15
Wednesday,31-50,Male,Junior high school,2-5yr,Stationwagen,Owner,,  Recreational areas,One way,Tangent road with mild grade and flat terrain,Crossing,Asphalt roads,Wet or damp,Darkness - lights lit,Raining,Rollover,2,3,Other,Driver or rider,Male,18-30,3,Not a Pedestrian,Driving carelessly,Slight Injury,22,45
Wednesday,31-50,Male,Elementary school,2-5yr,,Owner,,Other,Undivided Two way,Tangent road with flat terrain,Crossing,Asphalt roads,Wet or damp,Darkness - lights lit,Raining,Rollover,2,3,Going straight,na,na,na,na,Not a Pedestrian,Changing lane to the right,Slight Injury,22,45
Wednesday,18-30,Male,Elementary school,5-10yr,Other,Owner,,Other,Undivided Two way,Tangent road with flat terrain,Crossing,Asphalt roads,Wet or damp,Darkness - lights lit,Raining,Collision with pedestrians,2,3,Going straight,Driver or rider,Male,31-50,3,Not a Pedestrian,Driving carelessly,Slight Injury,22,45
Tuesday,31-50,Male,Junior high school,5-10yr,Special vehicle,Owner,,Other,Undivided Two way,Tangent road with flat terrain,Y Shape,Asphalt roads,Dry,Daylight,Normal,Vehicle with vehicle collision,1,2,Going straight,Driver or rider,Male,18-30,3,Not a Pedestrian,Driving carelessly,Serious Injury,16,30
Tuesday,31-50,Male,High school,5-10yr,Lorry (41?100Q),Owner,Below 1yr,Office areas,Two-way (divided with broken lines road marking),Tangent road with flat terrain,Y Shape,Asphalt roads,Dry,Daylight,Normal,Vehicle with vehicle collision,1,2,Going straight,na,na,na,na,Not a Pedestrian,Driving carelessly,Serious Injury,16,30
Sunday,31-50,Male,Junior high school,Above 10yr,Pick up upto 10Q,Owner,2-5yrs,Other,Two-way (divided with broken lines road marking),Tangent road with mild grade and flat terrain,Y Shape,Asphalt roads,Dry,Daylight,Normal,Vehicle with vehicle collision,2,1,,Driver or rider,Male,Over 51,3,Not a Pedestrian,Changing lane to the right,Serious Injury,14,50
Sunday,18-30,Male,Junior high school,Below 1yr,Lorry (11?40Q),Owner,,Residential areas,Two-way (divided with broken lines road marking),Tangent road with flat terrain,Y Shape,Asphalt roads,Dry,Daylight,Normal,Collision with pedestrians,2,1,Moving Backward,Driver or rider,Male,31-50,3,Not a Pedestrian,Changing lane to the right,Serious Injury,14,50
Saturday,Over 51,Male,Junior high school,Below 1yr,Lorry (41?100Q),Owner,5-10yrs,Other,Undivided Two way,Tangent road with flat terrain,Y Shape,Asphalt roads,Dry,Daylight,Normal,Collision with pedestrians,2,1,,Passenger,Female,31-50,3,Not a Pedestrian,Driving carelessly,Serious Injury,14,25
Saturday,18-30,Male,Junior high school,Above 10yr,Motorcycle,Owner,Unknown,Other,Undivided Two way,Tangent road with flat terrain,Y Shape,Asphalt roads,Dry,Daylight,Normal,Vehicle with vehicle collision,2,1,Going straight,na,na,na,na,Not a Pedestrian,Overtaking,Serious Injury,14,25
Friday,31-50,Male,High school,5-10yr,Automobile,Owner,, Church areas,Undivided Two way,Tangent road with flat terrain,No junction,Asphalt roads,Dry,Daylight,Normal,Vehicle with vehicle collision,1,1,Going straight,Driver or rider,Male,31-50,3,Not a Pedestrian,Changing lane to the right,Slight Injury,15,40
Saturday,Over 51,Male,Elementary school,5-10yr,Automobile,Owner,1-2yr,Office areas,Undivided Two way,Tangent road with flat terrain,No junction,Gravel roads,Dry,Daylight,Normal,Vehicle with vehicle collision,2,1,,Driver or rider,Male,31-50,3,Not a Pedestrian,No distancing,Slight Injury,17,55
Saturday,18-30,Male,Junior high school,2-5yr,Automobile,Owner,Above 10yr,School areas,other,Tangent road with flat terrain,No junction,Asphalt roads,Dry,Daylight,Normal,Collision with roadside objects,2,1,Going straight,Driver or rider,Male,18-30,3,Not a Pedestrian,Other,Slight Injury,17,55
Thursday,Over 51,Male,Junior high school,2-5yr,Stationwagen,Owner,2-5yrs,Other,Undivided Two way,Tangent road with flat terrain,No junction,Asphalt roads,Dry,Daylight,Normal,Vehicle with vehicle collision,2,1,Going straight,na,na,na,na,Not a Pedestrian,Changing lane to the right,Slight Injury,11,20
Thursday,18-30,Male,Above high school,5-10yr,,Owner,1-2yr,Office areas,Undivided Two way,Tangent road with flat terrain,No junction,Asphalt roads,Dry,Daylight,Normal,Collision with roadside objects,2,1,Going straight,Pedestrian,Female,Under 18,3,Not a Pedestrian,Changing lane to the right,Slight Injury,11,20
Thursday,Unknown,Female,Junior high school,2-5yr,Public (> 45 seats),Owner,1-2yr,Residential areas,other,Steep grade downward with mountainous terrain,Crossing,Asphalt roads,Wet or damp,Daylight,Normal,Vehicle with vehicle collision,1,1,Going straight,Driver or rider,Male,Under 18,3,Not a Pedestrian,Overtaking,Serious Injury,20,15
Monday,18-30,Male,,,Public (> 45 seats),Owner,1-2yr, Industrial areas,One way,Tangent road with flat terrain,No junction,Asphalt roads,Dry,Daylight,Other,Vehicle with vehicle collision,2,1,Going straight,na,na,na,na,Not a Pedestrian,Other,Slight Injury,7,25
Monday,31-50,Male,Junior high school,2-5yr,Stationwagen,Owner,2-5yrs,Other,Undivided Two way,Tangent road with flat terrain,No junction,Asphalt roads,Dry,Daylight,Other,Collision with roadside objects,2,1,Going straight,Driver or rider,Male,31-50,3,Not a Pedestrian,Driving to the left,Slight Injury,7,25
Sunday,31-50,Male,Junior high school,5-10yr,Automobile,Owner,1-2yr,Residential areas,Undivided Two way,Tangent road with flat terrain,No junction,Asphalt roads,Wet or damp,Daylight,Normal,Vehicle with vehicle collision,2,1,Going straight,na,na,na,na,Not a Pedestrian,Overtaking,Slight Injury,19,55
Sunday,18-30,Male,Junior high school,2-5yr,Bicycle,Owner,1-2yr,  Recreational areas,Two-way (divided with broken lines road marking),Tangent road with flat terrain,No junction,Asphalt roads,Wet or damp,Daylight,Normal,Vehicle with vehicle collision,2,1,Other,Passenger,Female,Over 51,3,Not a Pedestrian,No priority to vehicle,Slight Injury,19,55
Sunday,31-50,Male,Elementary school,1-2yr,Automobile,Owner,Unknown,Office areas,other,Tangent road with flat terrain,No junction,Asphalt roads,Dry,Daylight,Normal,Collision with roadside objects,1,1,Going straight,na,na,na,na,Not a Pedestrian,Moving Backward,Slight Injury,16,50
Friday,18-30,Male,High school,,Lorry (41?100Q),Owner,, Outside rural areas,Two-way (divided with broken lines road marking),Tangent road with flat terrain,No junction,Asphalt roads with some distress,Dry,Daylight,Normal,Collision with roadside objects,1,1,Going straight,na,na,na,na,Not a Pedestrian,Other,Slight Injury,9,30
Friday,18-30,Male,Junior high school,1-2yr,Automobile,Owner,1-2yr, Outside rural areas,Two-way (divided with broken lines road marking),Tangent road with flat terrain,Other,Asphalt roads,Dry,Daylight,Normal,Vehicle with vehicle collision,2,1,Going straight,Driver or rider,Male,18-30,3,Not a Pedestrian,No priority to vehicle,Slight Injury,6,0
Friday,Over 51,Male,Junior high school,2-5yr,Public (13?45 seats),Owner,1-2yr, Outside rural areas,Undivided Two way,Tangent road with flat terrain,Other,Asphalt roads,Dry,Daylight,Normal,Vehicle with vehicle collision,2,1,Going straight,Driver or rider,Male,18-30,3,Not a Pedestrian,No priority to pedestrian,Slight Injury,6,0
Thursday,31-50,Male,Junior high school,1-2yr,Special vehicle,Governmental,Below 1yr, Outside rural areas,Undivided Two way,Tangent road with flat terrain,No junction,Asphalt roads,Dry,Daylight,Normal,Vehicle with vehicle collision,2,1,Going straight,Driver or rider,Female,31-50,3,Not a Pedestrian,Changing lane to the right,Slight Injury,9,10
Thursday,31-50,Male,Elementary school,Above 10yr,Automobile,Owner,, Outside rural areas,other,Steep grade downward with mountainous terrain,No junction,Asphalt roads,Dry,Daylight,Normal,Vehicle with vehicle collision,2,1,Going straight,na,na,na,na,Not a Pedestrian,Changing lane to the right,Slight Injury,9,10
Thursday,18-30,Male,Junior high school,2-5yr,Public (13?45 seats),Owner,,School areas,other,Steep grade downward with mountainous terrain,Y Shape,Asphalt roads,Dry,Darkness - lights lit,Normal,Vehicle with vehicle collision,1,1,Moving Backward,Driver or rider,Male,18-30,3,Not a Pedestrian,Changing lane to the right,Serious Injury,3,10
Wednesday,Unknown,Male,Junior high school,2-5yr,,Owner,Above 10yr, Outside rural areas,Two-way (divided with broken lines road marking),Tangent road with flat terrain,Y Shape,Asphalt roads,Dry,Daylight,Normal,Vehicle with vehicle collision,1,1,Going straight,Driver or rider,Male,31-50,3,Not a Pedestrian,Driving to the left,Slight Injury,19,20
Saturday,18-30,Male,Junior high school,2-5yr,Lorry (41?100Q),Owner,, Outside rural areas,Undivided Two way,Tangent road with flat terrain,No junction,Asphalt roads,Dry,Daylight,Normal,Vehicle with vehicle collision,1,1,Going straight,Driver or rider,Male,31-50,3,Not a Pedestrian,Changing lane to the left,Slight Injury,19,30
Tuesday,18-30,Male,Junior high school,2-5yr,Lorry (41?100Q),Owner,, Outside rural areas,Two-way (divided with broken lines road marking),Escarpments,Y Shape,Asphalt roads,Wet or damp,Daylight,Raining,Vehicle with vehicle collision,1,1,Going straight,Passenger,Female,Under 18,3,Not a Pedestrian,Moving Backward,Slight Injury,13,25
Saturday,31-50,Male,Elementary school,2-5yr,Public (12 seats),Owner,2-5yrs, Outside rural areas,Two-way (divided with broken lines road marking),Tangent road with mountainous terrain and,Y Shape,Asphalt roads,Wet or damp,Daylight,Raining,Vehicle with vehicle collision,2,2,Going straight,Passenger,Female,Under 18,3,Not a Pedestrian,Driving at high speed,Slight Injury,18,35
Saturday,Over 51,Male,Junior high school,2-5yr,Lorry (41?100Q),Owner,2-5yrs,Office areas,Undivided Two way,Tangent road with mountainous terrain and,Y Shape,Asphalt roads,Wet or damp,Daylight,Raining,Vehicle with vehicle collision,2,2,Going straight,Passenger,Female,Under 18,3,Not a Pedestrian,Moving Backward,Slight Injury,18,35
Saturday,Over 51,Male,Elementary school,5-10yr,Lorry (41?100Q),Owner,2-5yrs, Outside rural areas,Undivided Two way,Tangent road with mountainous terrain and,Y Shape,Asphalt roads,Wet or damp,Daylight,Raining,Vehicle with vehicle collision,2,2,Going straight,na,na,na,na,Not a Pedestrian,No distancing,Slight Injury,18,35
Saturday,18-30,Male,Elementary school,2-5yr,Public (12 seats),Owner,, Outside rural areas,Undivided Two way,Tangent road with mountainous terrain and,Crossing,Asphalt roads,Dry,Daylight,Normal,Vehicle with vehicle collision,3,2,Going straight,Driver or rider,Female,31-50,3,Not a Pedestrian,Other,Slight Injury,19,35
Saturday,18-30,Male,Junior high school,Above 10yr,Public (> 45 seats),Owner,2-5yrs, Outside rural areas,Undivided Two way,Tangent road with flat terrain,Crossing,Asphalt roads,Dry,Daylight,Normal,Vehicle with vehicle collision,3,2,Getting off,na,na,na,na,Not a Pedestrian,No priority to vehicle,Slight Injury,19,35
Saturday,18-30,Male,Junior high school,Above 10yr,Automobile,Owner,,Office areas,Undivided Two way,Tangent road with flat terrain,Crossing,Asphalt roads,Dry,Daylight,Normal,Vehicle with vehicle collision,3,2,Going straight,na,na,na,na,Not a Pedestrian,Changing lane to the right,Slight Injury,19,35
Saturday,Unknown,Female,High school,Above 10yr,Pick up upto 10Q,Owner,,  Recreational areas,Undivided Two way,Tangent road with flat terrain,Crossing,Asphalt roads,Dry,Daylight,Normal,Vehicle with vehicle collision,3,2,Going straight,Driver or rider,Male,18-30,3,Not a Pedestrian,Other,Slight Injury,19,35
Monday,31-50,Male,Junior high school,5-10yr,Stationwagen,Owner,Above 10yr,Office areas,Undivided Two way,Tangent road with flat terrain,No junction,Asphalt roads,Wet or damp,Daylight,Raining,Vehicle with vehicle collision,1,1,Turnover,Driver or rider,Male,31-50,3,Not a Pedestrian,No distancing,Slight Injury,14,0
Wednesday,18-30,Male,Junior high school,2-5yr,Other,Owner,2-5yrs,Other,Two-way (divided with broken lines road marking),Tangent road with mild grade and flat terrain,No junction,Asphalt roads,Dry,Daylight,Normal,Vehicle with vehicle collision,3,1,Moving Backward,na,na,na,na,Not a Pedestrian,Driving carelessly,Slight Injury,7,20
Wednesday,18-30,Male,Elementary school,1-2yr,,Owner,Above 10yr,Residential areas,Two-way (divided with broken lines road marking),Tangent road with flat terrain,No junction,Asphalt roads,Dry,Daylight,Normal,Vehicle with vehicle collision,3,1,Going straight,Pedestrian,Female,18-30,3,Not a Pedestrian,No distancing,Slight Injury,7,20
Wednesday,Under 18,Female,Junior high school,2-5yr,Automobile,Owner,Above 10yr,Residential areas,other,Tangent road with flat terrain,No junction,Asphalt roads,Dry,Daylight,Normal,Collision with roadside objects,3,1,Moving Backward,Driver or rider,Female,18-30,3,Not a Pedestrian,Moving Backward,Slight Injury,7,20
Tuesday,Under 18,Male,Junior high school,5-10yr,Stationwagen,Owner,,Residential areas,Undivided Two way,Tangent road with flat terrain,Y Shape,Asphalt roads,Dry,Daylight,Normal,Vehicle with vehicle collision,2,2,Going straight,na,na,na,na,Not a Pedestrian,No distancing,Slight Injury,16,40
Tuesday,31-50,Male,,,Pick up upto 10Q,Owner,Above 10yr,Other,Undivided Two way,Tangent road with flat terrain,Y Shape,Asphalt roads,Dry,Daylight,Normal,Collision with pedestrians,2,2,,Passenger,Male,31-50,3,Not a Pedestrian,Moving Backward,Slight Injury,16,40