Day_of_week,Age_band_of_driver,Sex_of_driver,Educational_level,Driving_experience,Type_of_vehicle,Owner_of_vehicle,Service_year_of_vehicle,Area_accident_occured,Lanes_or_Medians,Road_allignment,Types_of_Junction,Road_surface_type,Road_surface_conditions,Light_conditions,Weather_conditions,Type_of_collision,Number_of_vehicles_involved,Number_of_casualties,Vehicle_movement,Casualty_class,Sex_of_casualty,Age_band_of_casualty,Casualty_severity,Pedestrian_movement,Cause_of_accident,Accident_severity,Hour,Minute
Thursday,18-30,Male,Junior high school,2-5yr,Pick up upto 10Q,Owner,Above 10yr,Office areas,Two-way (divided with broken lines road marking),Sharp reverse curve,Y Shape,Asphalt roads,Wet or damp,Darkness - lights lit,Normal,Vehicle with vehicle collision,2,2,Moving Backward,na,na,na,na,Not a Pedestrian,Changing lane to the right,Slight Injury,21,25
Thursday,18-30,Male,Junior high school,Above 10yr,Lorry (41?100Q),Owner,5-10yrs,Other,other,Tangent road with flat terrain,Y Shape,Asphalt roads,Wet or damp,Darkness - lights lit,Normal,Vehicle with vehicle collision,2,2,Reversing,Driver or rider,Male,18-30,3,Not a Pedestrian,Driving carelessly,Slight Injury,21,25
Friday,31-50,Male,Junior high school,Above 10yr,Public (12 seats),Owner,Above 10yr,Other,Undivided Two way,Tangent road with flat terrain,No junction,Asphalt roads,Dry,Daylight,Normal,Vehicle with vehicle collision,3,3,Going straight,Passenger,Male,31-50,3,Not a Pedestrian,Driving under the influence of drugs,Slight Injury,16,55
Friday,31-50,Male,,,Other,Owner,Above 10yr, Church areas,other,Tangent road with flat terrain,No junction,Asphalt roads,Dry,Daylight,Normal,Vehicle with vehicle collision,3,3,Going straight,Passenger,Female,18-30,3,Not a Pedestrian,No distancing,Slight Injury,16,55
Friday,31-50,Male,Elementary school,Above 10yr,Stationwagen,Owner,,Office areas,Two-way (divided with broken lines road marking),Tangent road with flat terrain,No junction,Asphalt roads,Dry,Daylight,Normal,Collision with roadside objects,3,3,Moving Backward,Driver or rider,Male,18-30,3,Not a Pedestrian,Changing lane to the left,Slight Injury,16,55
Friday,Unknown,Female,Junior high school,Above 10yr,Automobile,Owner,,Other,Two-way (divided with broken lines road marking),Tangent road with flat terrain,No junction,Asphalt roads,Dry,Daylight,Normal,Rollover,3,3,Going straight,Pedestrian,Male,Over 51,2,Unknown or other,No priority to vehicle,Slight Injury,16,55
Friday,Unknown,Female,Elementary school,2-5yr,Automobile,Owner,,Office areas,Two-way (divided with broken lines road marking),Tangent road with mild grade and flat terrain,No junction,Asphalt roads,Dry,Daylight,Normal,Vehicle with vehicle collision,3,3,Going straight,na,na,na,na,Not a Pedestrian,Moving Backward,Slight Injury,16,55
Monday,18-30,Male,Junior high school,5-10yr,Lorry (41?100Q),Owner,,Office areas,Two-way (divided with broken lines road marking),Tangent road with flat terrain,No junction,Asphalt roads,Dry,Darkness - no lighting,Normal,Vehicle with vehicle collision,2,2,Going straight,Driver or rider,Male,18-30,3,Not a Pedestrian,Moving Backward,Slight Injury,20,15
Monday,18-30,Male,Junior high school,Below 1yr,Stationwagen,Owner,Above 10yr,Office areas,Two-way (divided with broken lines road marking),Sharp reverse curve,No junction,Asphalt roads,Dry,Darkness - no lighting,Normal,Vehicle with vehicle collision,2,2,Going straight,na,na,na,na,Not a Pedestrian,No distancing,Slight Injury,20,15
Monday,18-30,Male,Junior high school,5-10yr,Lorry (41?100Q),Owner,Above 10yr, Church areas,Undivided Two way,Sharp reverse curve,No junction,Asphalt roads,Dry,Darkness - no lighting,Normal,Vehicle with vehicle collision,2,2,Going straight,Driver or rider,Male,Under 18,3,Not a Pedestrian,Changing lane to the right,Slight Injury,20,15
Tuesday,31-50,Male,High school,Above 10yr,Public (> 45 seats),Owner,Above 10yr,Office areas,Undivided Two way,Gentle horizontal curve,Y Shape,Asphalt roads,Dry,Daylight,Normal,Vehicle with vehicle collision,1,1,Going straight,na,na,na,na,Not a Pedestrian,Changing lane to the right,Slight Injury,15,30
Thursday,31-50,Male,Junior high school,5-10yr,Automobile,Owner,5-10yrs,Other,Double carriageway (median),Gentle horizontal curve,No junction,Asphalt roads,Wet or damp,Darkness - lights lit,Normal,Collision with roadside objects,2,1,,Driver or rider,Male,18-30,3,Not a Pedestrian,Moving Backward,Slight Injury,20,20
Thursday,31-50,Male,Elementary school,1-2yr,Automobile,Owner,,Other,Two-way (divided with broken lines road marking),Tangent road with flat terrain,No junction,Asphalt roads,Wet or damp,Darkness - lights lit,Normal,Collision with roadside objects,2,1,Going straight,na,na,na,na,Not a Pedestrian,Driving carelessly,Slight Injury,20,20
Sunday,31-50,Male,Junior high school,,Automobile,Owner,5-10yrs, Church areas,Unknown,Tangent road with mountainous terrain and,Crossing,Asphalt roads,Wet or damp,Daylight,Raining,Vehicle with vehicle collision,2,2,Reversing,Passenger,Male,18-30,3,Not a Pedestrian,Driving under the influence of drugs,Slight Injury,13,10
Sunday,31-50,Male,Above high school,1-2yr,,Owner,1-2yr,School areas,Undivided Two way,Tangent road with flat terrain,Crossing,Asphalt roads,Wet or damp,Daylight,Raining,Collision with roadside objects,2,2,Going straight,na,na,na,na,Not a Pedestrian,No distancing,Slight Injury,13,10
Sunday,31-50,Male,Junior high school,Above 10yr,Lorry (41?100Q),,, Church areas,Two-way (divided with broken lines road marking),Tangent road with flat terrain,Crossing,Asphalt roads,Wet or damp,Daylight,Raining,Vehicle with vehicle collision,2,2,Going straight,Driver or rider,Male,31-50,3,Not a Pedestrian,No distancing,Slight Injury,13,10
Tuesday,31-50,Male,Junior high school,1-2yr,Lorry (41?100Q),Owner,Above 10yr,Office areas,Undivided Two way,Tangent road with flat terrain,Crossing,Asphalt roads,Dry,Daylight,Normal,Vehicle with vehicle collision,2,1,Going straight,na,na,na,na,Not a Pedestrian,No priority to vehicle,Slight Injury,16,30
Tuesday,31-50,Male,Junior high school,5-10yr,Automobile,Owner,2-5yrs,Other,other,Tangent road with flat terrain,Crossing,Asphalt roads,Dry,Daylight,Normal,Vehicle with vehicle collision,2,1,Going straight,Driver or rider,Male,18-30,3,Not a Pedestrian,Driving to the left,Slight Injury,16,30
Monday,31-50,Male,Junior high school,2-5yr,Stationwagen,Owner,Above 10yr, Church areas,Two-way (divided with broken lines road marking),Steep grade upward with mountainous terrain,No junction,Asphalt roads,Dry,Daylight,Normal,Vehicle with vehicle collision,1,1,Going straight,Driver or rider,Male,Under 18,3,Not a Pedestrian,No priority to vehicle,Serious Injury,15,20
Wednesday,18-30,Male,,,Public (12 seats),Governmental,1-2yr,Other,Double carriageway (median),Tangent road with flat terrain,No junction,Asphalt roads,Dry,Daylight,Normal,Vehicle with vehicle collision,1,1,Going straight,na,na,na,na,Not a Pedestrian,No priority to vehicle,Slight Injury,17,40
Tuesday,18-30,Male,Junior high school,2-5yr,Public (12 seats),Governmental,Above 10yr,Other,Double carriageway (median),Tangent road with flat terrain,No junction,Earth roads,Dry,Darkness - lights lit,Normal,Vehicle with vehicle collision,3,3,Other,Driver or rider,Female,31-50,3,Not a Pedestrian,No priority to vehicle,Slight Injury,18,35
Tuesday,18-30,Male,Junior high school,2-5yr,Automobile,Organization,5-10yrs,Office areas,Two-way (divided with broken lines road marking),Gentle horizontal curve,No junction,Asphalt roads,Dry,Darkness - lights lit,Normal,Collision with pedestrians,3,3,Moving Backward,Passenger,Male,18-30,3,Not a Pedestrian,No distancing,Slight Injury,18,35
Tuesday,31-50,Male,Junior high school,Above 10yr,Public (12 seats),Organization,Above 10yr,Other,Two-way (divided with broken lines road marking),Tangent road with flat terrain,No junction,Asphalt roads,Dry,Darkness - lights lit,Normal,Vehicle with vehicle collision,3,3,Other,na,na,na,na,Not a Pedestrian,Moving Backward,Slight Injury,18,35
Tuesday,Over 51,Male,Junior high school,1-2yr,Public (12 seats),Owner,2-5yrs,Other,Two-way (divided with broken lines road marking),Tangent road with flat terrain,No junction,Asphalt roads,Dry,Darkness - lights lit,Normal,Collision with roadside objects,3,3,Going straight,na,na,na,na,Not a Pedestrian,Changing lane to the right,Slight Injury,18,35
Saturday,31-50,Male,Above high school,1-2yr,Lorry (41?100Q),Governmental,,Residential areas,Two-way (divided with broken lines road marking),Tangent road with flat terrain,No junction,Asphalt roads,Dry,Darkness - lights lit,Normal,Vehicle with vehicle collision,2,1,Going straight,Driver or rider,Male,18-30,3,Not a Pedestrian,Driving carelessly,Slight Injury,18,35
Saturday,31-50,Male,Above high school,No Licence,Automobile,Owner,2-5yrs,Office areas,Two-way (divided with broken lines road marking),Tangent road with flat terrain,No junction,Asphalt roads,Dry,Darkness - lights lit,Normal,Collision with roadside objects,2,1,Going straight,Driver or rider,Male,31-50,2,Not a Pedestrian,Changing lane to the left,Slight Injury,18,35
Friday,18-30,Male,Junior high school,1-2yr,Lorry (41?100Q),Owner,2-5yrs, Church areas,One way,Tangent road with flat terrain,Y Shape,Asphalt roads,Dry,Daylight,Normal,Vehicle with vehicle collision,2,1,Other,na,na,na,na,Not a Pedestrian,No distancing,Slight Injury,12,10
Friday,18-30,Male,Junior high school,5-10yr,,Owner,1-2yr,,Undivided Two way,Tangent road with flat terrain,Y Shape,Asphalt roads,Dry,Daylight,Normal,Vehicle with vehicle collision,2,1,Going straight,Driver or rider,Male,31-50,3,Not a Pedestrian,Changing lane to the right,Slight Injury,12,10
Monday,18-30,Male,Junior high school,Above 10yr,Automobile,Owner,Above 10yr,  Market areas,other,Steep grade downward with mountainous terrain,Y Shape,Asphalt roads,Dry,Daylight,Unknown,Collision with pedestrians,3,4,,na,na,na,na,Not a Pedestrian,Driving under the influence of drugs,Serious Injury,15,10
Monday,18-30,Male,Junior high school,Above 10yr,Stationwagen,Owner,Above 10yr,Other,Two-way (divided with broken lines road marking),Tangent road with mountainous terrain and,Y Shape,Asphalt roads,Dry,Daylight,Unknown,Vehicle with vehicle collision,3,4,Going straight,na,na,na,na,Not a Pedestrian,No distancing,Serious Injury,15,10
Monday,Over 51,Male,Junior high school,5-10yr,,Owner,,Other,Undivided Two way,Tangent road with mountainous terrain and,Y Shape,Asphalt roads,Dry,Daylight,Unknown,Vehicle with vehicle collision,3,4,Going straight,Driver or rider,Male,5,3,Not a Pedestrian,Overturning,Serious Injury,15,10
Monday,Over 51,Male,Elementary school,2-5yr,,Owner,, Church areas,Undivided Two way,Tangent road with flat terrain,Y Shape,Gravel roads,Dry,Daylight,Unknown,Vehicle with vehicle collision,3,4,Going straight,Driver or rider,Male,18-30,3,Not a Pedestrian,No distancing,Serious Injury,15,10
Thursday,18-30,Male,Junior high school,2-5yr,Automobile,Governmental,1-2yr,Residential areas,Undivided Two way,Tangent road with flat terrain,Crossing,Asphalt roads,Dry,Daylight,Normal,Vehicle with vehicle collision,1,1,Going straight,na,na,na,na,Not a Pedestrian,Changing lane to the right,Slight Injury,8,55
Wednesday,31-50,Male,Junior high school,Below 1yr,Stationwagen,Owner,Unknown,Other,Undivided Two way,Tangent road with flat terrain,No junction,Earth roads,Dry,Daylight,Normal,Collision with pedestrians,1,1,Moving Backward,Driver or rider,Male,18-30,3,Not a Pedestrian,No priority to vehicle,Serious Injury,16,55
Saturday,18-30,Male,Junior high school,2-5yr,Automobile,Owner,Unknown,Other,Two-way (divided with broken lines road marking),Tangent road with flat terrain,Crossing,Asphalt roads,Wet or damp,Darkness - lights lit,Normal,Vehicle with vehicle collision,2,1,Moving Backward,na,na,na,na,Not a Pedestrian,Changing lane to the right,Slight Injury,19,5
Saturday,18-30,Male,Junior high school,2-5yr,Other,Owner,Unknown,Other,Double carriageway (median),Tangent road with flat terrain,Crossing,Asphalt roads,Wet or damp,Darkness - lights lit,Normal,Vehicle with vehicle collision,2,1,Going straight,Passenger,Female,Over 51,3,Not a Pedestrian,Changing lane to the left,Slight Injury,19,5
Monday,18-30,Male,Elementary school,5-10yr,Other,Owner,,  Recreational areas,Two-way (divided with broken lines road marking),Tangent road with flat terrain,Y Shape,Asphalt roads,Wet or damp,Daylight,Fog or mist,Vehicle with vehicle collision,2,1,Going straight,Pedestrian,Female,Over 51,3,Unknown or other,No distancing,Slight Injury,8,10
Monday,31-50,Male,Junior high school,Above 10yr,Automobile,Owner,Unknown,  Recreational areas,One way,Tangent road with flat terrain,Y Shape,Earth roads,Wet or damp,Daylight,Fog or mist,Vehicle with vehicle collision,2,1,Turnover,Driver or rider,Male,Under 18,3,Not a Pedestrian,No priority to pedestrian,Slight Injury,8,10
Saturday,18-30,Male,,,Lorry (41?100Q),Owner,,Other,Two-way (divided with broken lines road marking),Tangent road with flat terrain,Y Shape,Asphalt roads,Dry,Daylight,Normal,Collision with roadside objects,2,1,Going straight,Driver or rider,Female,31-50,3,Not a Pedestrian,Driving carelessly,Slight Injury,17,50
Saturday,31-50,Male,Junior high school,2-5yr,Lorry (41?100Q),Organization,1-2yr,Office areas,Two-way (divided with broken lines road marking),Tangent road with flat terrain,Y Shape,Asphalt roads,Dry,Daylight,Normal,Vehicle with vehicle collision,2,1,Going straight,Passenger,Female,Over 51,3,Not a Pedestrian,No distancing,Slight Injury,17,50
Tuesday,18-30,Male,Junior high school,5-10yr,Lorry (41?100Q),Owner,2-5yrs,Residential areas,Two-way (divided with broken lines road marking),Tangent road with flat terrain,Y Shape,Asphalt roads,Wet or damp,Darkness - lights lit,Windy,Vehicle with vehicle collision,1,1,Going straight,na,na,na,na,Not a Pedestrian,Driving carelessly,Serious Injury,20,55
Saturday,31-50,Male,Above high school,2-5yr,Automobile,Owner,2-5yrs,Other,Two-way (divided with broken lines road marking),Tangent road with flat terrain,Y Shape,Asphalt roads,Dry,Daylight,Normal,Vehicle with vehicle collision,2,1,Going straight,Driver or rider,Male,18-30,3,Not a Pedestrian,Driving carelessly,Slight Injury,14,0
Saturday,18-30,Male,,,Automobile,,1-2yr,Residential areas,Undivided Two way,Steep grade downward with mountainous terrain,Y Shape,Asphalt roads,Dry,Daylight,Normal,Vehicle with vehicle collision,2,1,Going straight,na,na,na,na,Not a Pedestrian,Moving Backward,Slight Injury,14,0
Friday,Over 51,Male,,1-2yr,Public (13?45 seats),Owner,, Church areas,Double carriageway (median),Tangent road with flat terrain,Other,Asphalt roads,Dry,Daylight,Normal,Collision with roadside objects,1,1,Going straight,na,na,na,na,Not a Pedestrian,Overtaking,Slight Injury,14,45
Tuesday,Over 51,Male,Junior high school,2-5yr,Public (13?45 seats),Owner,2-5yrs,Other,One way,Tangent road with flat terrain,Y Shape,Asphalt roads,Dry,Daylight,Normal,Vehicle with vehicle collision,2,1,Going straight,Driver or rider,Male,31-50,3,Not a Pedestrian,No priority to vehicle,Serious Injury,16,30
Tuesday,Over 51,Male,Junior high school,Above 10yr,Lorry (41?100Q),Owner,5-10yrs,Office areas,Two-way (divided with broken lines road marking),Tangent road with mountainous terrain and,Y Shape,Asphalt roads,Dry,Daylight,Normal,Vehicle with vehicle collision,2,1,Going straight,na,na,na,na,Not a Pedestrian,No priority to vehicle,Serious Injury,16,30
Saturday,31-50,Male,Junior high school,Below 1yr,Lorry (41?100Q),Owner,2-5yrs,Other,Undivided Two way,Tangent road with flat terrain,Y Shape,Asphalt roads,Dry,Daylight,Normal,Vehicle with vehicle collision,2,2,,Driver or rider,Male,31-50,3,Not a Pedestrian,Changing lane to the left,Slight Injury,13,55
Saturday,31-50,Male,Junior high school,2-5yr,Public (12 seats),Owner,Unknown,  Recreational areas,Two-way (divided with broken lines road marking),Steep grade downward with mountainous terrain,Y Shape,Asphalt roads,Dry,Daylight,Normal,Vehicle with vehicle collision,2,2,Other,na,na,na,na,Not a Pedestrian,No priority to vehicle,Slight Injury,13,55
Saturday,18-30,Male,Junior high school,Below 1yr,Other,Owner,,Other,Undivided Two way,Tangent road with flat terrain,Y Shape,Asphalt roads,Dry,Daylight,Normal,Vehicle with vehicle collision,2,2,Getting off,Driver or rider,Male,Under 18,3,Not a Pedestrian,No distancing,Slight Injury,13,55
Monday,31-50,Male,High school,5-10yr,Lorry (41?100Q),Owner,1-2yr,Office areas,Two-way (divided with broken lines road marking),Tangent road with flat terrain,Y Shape,Asphalt roads,Dry,Daylight,Cloudy,Vehicle with vehicle collision,2,1,Going straight,Driver or rider,Male,18-30,3,Not a Pedestrian,Moving Backward,Slight Injury,15,35
Monday,Over 51,Male,Above high school,1-2yr,Automobile,Governmental,,Residential areas,Undivided Two way,Tangent road with flat terrain,Y Shape,Asphalt roads,Dry,Daylight,Cloudy,Vehicle with vehicle collision,2,1,Going straight,na,na,na,na,Not a Pedestrian,Changing lane to the right,Slight Injury,15,35
Thursday,18-30,Male,Junior high school,Below 1yr,Other,Owner,Unknown,Office areas,One way,Tangent road with flat terrain,No junction,Asphalt roads,Wet or damp,Daylight,Normal,Vehicle with vehicle collision,1,1,Going straight,Driver or rider,Male,31-50,3,Not a Pedestrian,No distancing,Slight Injury,12,30
Wednesday,18-30,Male,,,Motorcycle,Owner,,Office areas,Two-way (divided with broken lines road marking),Tangent road with flat terrain,No junction,Asphalt roads,Wet or damp,Darkness - lights lit,Raining,Vehicle with vehicle collision,2,1,Other,na,na,na,na,Not a Pedestrian,Overtaking,Slight Injury,18,45
Wednesday,31-50,Male,High school,Below 1yr,Automobile,Owner,Unknown, Church areas,Double carriageway (median),Tangent road with flat terrain,No junction,Asphalt roads,Wet or damp,Darkness - lights lit,Raining,Vehicle with vehicle collision,2,1,Going straight,Driver or rider,Male,18-30,3,Not a Pedestrian,No distancing,Slight Injury,18,45
Tuesday,31-50,Male,High school,Below 1yr,Automobile,Owner,, Church areas,Undivided Two way,Tangent road with flat terrain,No junction,Asphalt roads,Dry,Darkness - lights lit,Normal,Vehicle with vehicle collision,1,1,Moving Backward,na,na,na,na,Not a Pedestrian,Changing lane to the left,Serious Injury,19,15
Friday,31-50,Male,,,Lorry (41?100Q),Owner,,Residential areas,Undivided Two way,Tangent road with flat terrain,No junction,Asphalt roads,Dry,Daylight,Normal,Collision with roadside objects,2,1,Other,Driver or rider,Male,31-50,3,Not a Pedestrian,Driving under the influence of drugs,Slight Injury,17,25
Friday,31-50,Male,High school,2-5yr,Automobile,Owner,,Other,Undivided Two way,Tangent road with flat terrain,No junction,Asphalt roads,Dry,Daylight,Normal,Collision with roadside objects,2,1,Going straight,na,na,na,na,Not a Pedestrian,No distancing,Slight Injury,17,25
Friday,31-50,Male,Junior high school,Above 10yr,Public (> 45 seats),Owner,Unknown,Other,other,Tangent road with flat terrain,Y Shape,Asphalt roads,Wet or damp,Daylight,Normal,Collision with roadside objects,1,1,Going straight,Passenger,Female,31-50,3,Not a Pedestrian,No distancing,Slight Injury,12,50
Friday,18-30,Male,Junior high school,Above 10yr,Lorry (41?100Q),Owner,,,Undivided Two way,Tangent road with flat terrain,Y Shape,Earth roads,Dry,Daylight,Normal,Collision with pedestrians,2,1,Going straight,Driver or rider,Male,18-30,3,Not a Pedestrian,Changing lane to the right,Slight Injury,7,10
Friday,18-30,Male,Junior high school,5-10yr,Public (> 45 seats),Owner,2-5yrs,Residential areas,Undivided Two way,Tangent road with flat terrain,Y Shape,Asphalt roads,Dry,Daylight,Normal,Vehicle with vehicle collision,2,1,,na,na,na,na,Not a Pedestrian,Changing lane to the left,Slight Injury,7,10
Friday,18-30,Male,Junior high school,1-2yr,Lorry (41?100Q),Owner,Unknown,Office areas,Undivided Two way,Tangent road with flat terrain,No junction,Asphalt roads,Wet or damp,Daylight,Normal,Vehicle with vehicle collision,3,1,Going straight,Driver or rider,Male,18-30,2,Not a Pedestrian,Moving Backward,Slight Injury,17,10
Friday,31-50,Male,Unknown,Below 1yr,Lorry (41?100Q),Owner,Unknown,Residential areas,Undivided Two way,Tangent road with flat terrain,No junction,Other,Wet or damp,Daylight,Normal,Collision with pedestrians,3,1,Going straight,na,na,na,na,Not a Pedestrian,No distancing,Slight Injury,17,10
Friday,18-30,Male,Junior high school,Below 1yr,Lorry (41?100Q),Owner,Unknown,Other,Two-way (divided with broken lines road marking),Tangent road with flat terrain,No junction,Asphalt roads,Wet or damp,Daylight,Normal,Vehicle with vehicle collision,3,1,Going straight,na,na,na,na,Not a Pedestrian,No distancing,Slight Injury,17,10
Friday,31-50,Male,High school,2-5yr,Public (12 seats),Owner,,Other,Two-way (divided with broken lines road marking),Tangent road with flat terrain,Y Shape,Asphalt roads,Wet or damp,Daylight,Raining,Vehicle with vehicle collision,2,1,Going straight,Driver or rider,Female,31-50,3,Not a Pedestrian,Driving carelessly,Slight Injury,9,5
Friday,18-30,Male,Junior high school,1-2yr,Public (12 seats),Owner,,  Recreational areas,Two-way (divided with broken lines road marking),Tangent road with flat terrain,Y Shape,Asphalt roads,Wet or damp,Daylight,Raining,Vehicle with vehicle collision,2,1,Going straight,na,na,na,na,Not a Pedestrian,Moving Backward,Slight Injury,9,5
Wednesday,31-50,Male,Junior high school,5-10yr,Stationwagen,Owner,5-10yrs, Church areas,One way,Tangent road with flat terrain,No junction,Asphalt roads,Dry,Daylight,Normal,Vehicle with vehicle collision,1,1,Going straight,Driver or rider,Male,Under 18,3,Not a Pedestrian,No distancing,Slight Injury,16,15
Sunday,Unknown,Female,Elementary school,2-5yr,Lorry (41?100Q),Owner,,School areas,Two-way (divided with broken lines road marking),Tangent road with flat terrain,Crossing,Asphalt roads,Dry,Darkness - lights lit,Normal,Vehicle with vehicle collision,1,1,Going straight,na,na,na,na,Not a Pedestrian,Changing lane to the right,Slight Injury,18,0
Sunday,Over 51,Male,Elementary school,5-10yr,Automobile,Owner,2-5yrs,Office areas,Undivided Two way,Tangent road with flat terrain,Y Shape,Asphalt roads,Dry,Daylight,Normal,Vehicle with vehicle collision,3,3,Going straight,Driver or rider,Male,18-30,3,Not a Pedestrian,Driving carelessly,Slight Injury,13,55
Sunday,18-30,Male,Junior high school,Above 10yr,Pick up upto 10Q,Owner,1-2yr,Other,,Tangent road with flat terrain,Y Shape,Asphalt roads,Dry,Daylight,Normal,Collision with roadside objects,3,3,Going straight,Pedestrian,Female,18-30,3,Crossing from nearside - masked by parked or statioNot a Pedestrianry vehicle,Driving to the left,Slight Injury,13,55
Sunday,18-30,Male,Junior high school,5-10yr,Automobile,Owner,5-10yrs,Residential areas,Undivided Two way,Tangent road with flat terrain,Y Shape,Asphalt roads,Dry,Daylight,Normal,Collision with pedestrians,3,3,Going straight,Driver or rider,Male,31-50,3,Not a Pedestrian,Changing lane to the right,Slight Injury,13,55
Sunday,18-30,Male,High school,5-10yr,Public (13?45 seats),Owner,Above 10yr,Other,Undivided Two way,Tangent road with flat terrain,Y Shape,Asphalt roads,Dry,Daylight,Normal,Vehicle with vehicle collision,3,3,Going straight,na,na,na,na,Not a Pedestrian,Driving carelessly,Slight Injury,13,55
Sunday,Unknown,Female,Junior high school,5-10yr,Public (> 45 seats),Owner,1-2yr,Other,other,Steep grade downward with mountainous terrain,No junction,Asphalt roads,Dry,Darkness - lights lit,Normal,Vehicle with vehicle collision,2,2,,na,na,na,na,Not a Pedestrian,Changing lane to the right,Slight Injury,19,20
Sunday,31-50,Male,Junior high school,Above 10yr,Stationwagen,Owner,2-5yrs,Office areas,One way,Steep grade downward with mountainous terrain,No junction,Asphalt roads,Dry,Darkness - lights lit,Normal,Collision with roadside objects,2,2,Going straight,Driver or rider,Male,18-30,3,Not a Pedestrian,No priority to vehicle,Slight Injury,19,20
Sunday,31-50,Male,Junior high school,1-2yr,,Owner,,Residential areas,Two-way (divided with broken lines road marking),Tangent road with flat terrain,No junction,Asphalt roads,Dry,Darkness - lights lit,Normal,Vehicle with vehicle collision,2,2,Going straight,na,na,na,na,Not a Pedestrian,Changing lane to the right,Slight Injury,19,20
Saturday,31-50,Male,Junior high school,2-5yr,Lorry (41?100Q),Owner,,Other,Two-way (divided with broken lines road marking),Tangent road with flat terrain,No junction,Asphalt roads,Dry,Daylight,Normal,Vehicle with vehicle collision,1,1,Going straight,Driver or rider,Female,Over 51,3,Not a Pedestrian,Turnover,Slight Injury,11,0
Sunday,31-50,Male,Junior high school,1-2yr,Stationwagen,Organization,2-5yrs,Residential areas,Undivided Two way,Tangent road with flat terrain,Crossing,Asphalt roads,Dry,Daylight,Normal,Vehicle with vehicle collision,3,2,Going straight,na,na,na,na,Not a Pedestrian,No priority to vehicle,Slight Injury,12,55
Sunday,18-30,Male,,,Lorry (41?100Q),Owner,, Church areas,Two-way (divided with broken lines road marking),Tangent road with flat terrain,Crossing,Asphalt roads,Dry,Daylight,Normal,Vehicle with vehicle collision,3,2,Turnover,Driver or rider,Male,31-50,3,Not a Pedestrian,Driving at high speed,Slight Injury,12,55
Sunday,18-30,Male,Elementary school,5-10yr,Public (12 seats),Governmental,,Residential areas,Two-way (divided with broken lines road marking),Tangent road with flat terrain,Crossing,Asphalt roads,Dry,Daylight,Normal,Vehicle with vehicle collision,3,2,Moving Backward,Pedestrian,Female,5,3,Crossing from nearside - masked by parked or statioNot a Pedestrianry vehicle,No distancing,Slight Injury,12,55
Friday,18-30,Male,Junior high school,5-10yr,Lorry (41?100Q),Owner,,Office areas,One way,Tangent road with flat terrain,Y Shape,Asphalt roads,Dry,Darkness - lights lit,Normal,Vehicle with vehicle collision,2,1,Going straight,Driver or rider,Male,18-30,3,Not a Pedestrian,No distancing,Slight Injury,20,40
Friday,31-50,Male,Junior high school,Above 10yr,Other,Governmental,Below 1yr,Residential areas,Two-way (divided with broken lines road marking),Tangent road with flat terrain,Y Shape,Asphalt roads,Dry,Darkness - lights lit,Normal,Vehicle with vehicle collision,2,1,Going straight,na,na,na,na,Not a Pedestrian,Driving carelessly,Slight Injury,20,40
Tuesday,Under 18,Male,Junior high school,2-5yr,Stationwagen,Owner,Unknown,Other,One way,Tangent road with flat terrain,Crossing,Asphalt roads,Wet or damp,Daylight,Other,Vehicle with vehicle collision,2,1,Moving Backward,na,na,na,na,Not a Pedestrian,Driving carelessly,Slight Injury,12,45
Tuesday,18-30,Male,Junior high school,Above 10yr,Automobile,Owner,Unknown, Industrial areas,Two-way (divided with broken lines road marking),Tangent road with flat terrain,Crossing,Asphalt roads,Wet or damp,Daylight,Other,Collision with roadside objects,2,1,Going straight,Driver or rider,Female,18-30,3,Not a Pedestrian,Moving Backward,Slight Injury,12,45
Thursday,31-50,Male,Junior high school,2-5yr,Public (> 45 seats),Owner,Unknown, Church areas,Two-way (divided with broken lines road marking),Tangent road with flat terrain,Y Shape,Gravel roads,Dry,Daylight,Normal,Collision with roadside objects,2,1,Moving Backward,na,na,na,na,Not a Pedestrian,No distancing,Slight Injury,8,50
Thursday,18-30,Male,Elementary school,5-10yr,Other,Owner,2-5yrs,Residential areas,Undivided Two way,Steep grade downward with mountainous terrain,Y Shape,Asphalt roads,Dry,Daylight,Normal,Collision with roadside objects,2,1,Going straight,Driver or rider,Male,18-30,3,Not a Pedestrian,Changing lane to the right,Slight Injury,8,50
Tuesday,18-30,Male,Elementary school,5-10yr,Lorry (41?100Q),,,,Two-way (divided with broken lines road marking),Tangent road with flat terrain,Y Shape,Asphalt roads,Dry,Daylight,Normal,Vehicle with vehicle collision,1,1,Going straight,na,na,na,na,Not a Pedestrian,Overtaking,Serious Injury,8,10
Tuesday,31-50,Male,Junior high school,5-10yr,Automobile,,,,Two-way (divided with broken lines road marking),Tangent road with flat terrain,Y Shape,Asphalt roads,Dry,Daylight,Normal,Collision with pedestrians,2,1,Going straight,Driver or rider,Male,31-50,3,Not a Pedestrian,No distancing,Slight Injury,15,35
Tuesday,31-50,Male,Junior high school,5-10yr,Public (> 45 seats),Owner,1-2yr,Office areas,Undivided Two way,Tangent road with flat terrain,Y Shape,Asphalt roads,Dry,Daylight,Normal,Vehicle with vehicle collision,2,1,Other,Driver or rider,Male,31-50,3,Not a Pedestrian,Overtaking,Slight Injury,15,35